No,Date,Opponents,HAN,Stadium,WDL,United Score,Opponent Score,Opponent scorers in Minutes
1,15-08-1992,Sheffield United,A,Bramall Lane,L,1,2,"Brian Deane 5, 50 (pen)"
2,19-08-1992,Everton,H,Old Trafford,L,0,3,"*Peter Beardsley 44, Robert Warzycha 80, Mo Johnston 89"
3,22-08-1992,Ipswich Town,H,Old Trafford,D,1,1,Chris Kiwomya 56
4,24-08-1992,Southampton,A,The Dell,W,1,0,
5,29-08-1992,Nottingham Forest,A,"City Ground, Nottingham",W,2,0,
6,02-09-1992,Crystal Palace,H,Old Trafford,W,1,0,
7,06-09-1992,Leeds United,H,Old Trafford,W,2,0,
8,12-09-1992,Everton,A,Goodison Park,W,2,0,
9,19-09-1992,Tottenham Hotspur,A,White Hart Lane,D,1,1,Gordon Durie 53
10,26-09-1992,Queens Park Rangers,H,Old Trafford,D,0,0,
11,03-10-1992,Middlesbrough,A,Ayresome Park,D,1,1,Bernie Slaven 59
12,18-10-1992,Liverpool,H,Old Trafford,D,2,2,"Don Hutchison 23, Ian Rush 44"
13,24-10-1992,Blackburn Rovers,A,Ewood Park,D,0,0,
14,31-10-1992,Wimbledon,H,Old Trafford,L,0,1,Lawrie Sanchez 80
15,07-11-1992,Aston Villa,A,Villa Park,L,0,1,Dalian Atkinson 10
16,21-11-1992,Oldham Athletic,H,Old Trafford,W,3,0,
17,28-11-1992,Arsenal,A,Highbury,W,1,0,
18,06-12-1992,Manchester City,H,Old Trafford,W,2,1,Niall Quinn 76
19,12-12-1992,Norwich City,H,Old Trafford,W,1,0,
20,19-12-1992,Chelsea,A,Stamford Bridge,D,1,1,David Lee 68
21,26-12-1992,Sheffield Wednesday,A,Hillsborough,D,3,3,"David Hirst 3, Mark Bright 7, John Sheridan 61"
22,28-12-1992,Coventry City,H,Old Trafford,W,5,0,
23,09-01-1993,Tottenham Hotspur,H,Old Trafford,W,4,1,Nick Barmby 87
24,18-01-1993,Queens Park Rangers,A,Loftus Road,W,3,1,Bradley Allen 43
25,27-01-1993,Nottingham Forest,H,Old Trafford,W,2,0,
26,30-01-1993,Ipswich Town,A,Portman Road,L,1,2,"Chris Kiwomya 20, Frank Yallop 47"
27,06-02-1993,Sheffield United,H,Old Trafford,W,2,1,Franz Carr 7
28,08-02-1993,Leeds United,A,Elland Road,D,0,0,
29,20-02-1993,Southampton,H,Old Trafford,W,2,1,Nicky Banger 78
30,27-02-1993,Middlesbrough,H,Old Trafford,W,3,0,
31,06-03-1993,Liverpool,A,Anfield,W,2,1,Ian Rush 50
32,09-03-1993,Oldham Athletic,A,Boundary Park,L,0,1,Neil Adams 26
33,14-03-1993,Aston Villa,H,Old Trafford,D,1,1,Steve Staunton 53
34,20-03-1993,Manchester City,A,Maine Road,D,1,1,Niall Quinn 58
35,24-03-1993,Arsenal,H,Old Trafford,D,0,0,
36,05-04-1993,Norwich City,A,Carrow Road,W,3,1,*Mark Robins 61
37,10-04-1993,Sheffield Wednesday,H,Old Trafford,W,2,1,John Sheridan 64 (pen)
38,12-04-1993,Coventry City,A,Highfield Road,W,1,0,
39,17-04-1993,Chelsea,H,Old Trafford,W,3,0,
40,21-04-1993,Crystal Palace,A,Selhurst Park,W,2,0,
41,03-05-1993,Blackburn Rovers,H,Old Trafford,W,3,1,Kevin Gallacher 8
42,09-05-1993,Wimbledon,A,Selhurst Park,W,2,1,Dean Holdsworth 81
43,15-08-1993,Norwich City,A,Carrow Road,W,2,0,
44,18-08-1993,Sheffield United,H,Old Trafford,W,3,0,
45,21-08-1993,Newcastle United,H,Old Trafford,D,1,1,*Andrew Cole 71
46,23-08-1993,Aston Villa,A,Villa Park,W,2,1,Dalian Atkinson 44
47,28-08-1993,Southampton,A,The Dell,W,3,1,Neil Maddison 13
48,01-09-1993,West Ham United,H,Old Trafford,W,3,0,
49,11-09-1993,Chelsea,A,Stamford Bridge,L,0,1,Gavin Peacock 17
50,19-09-1993,Arsenal,H,Old Trafford,W,1,0,
51,25-09-1993,Swindon Town,H,Old Trafford,W,4,2,"Andy Mutch 78, Paul Bodin 87 (pen)"
52,02-10-1993,Sheffield Wednesday,A,Hillsborough,W,3,2,"Chris Bart-Williams 47, Mark Bright 86"
53,16-10-1993,Tottenham Hotspur,H,Old Trafford,W,2,1,Darren Caskey 73
54,23-10-1993,Everton,A,Goodison Park,W,1,0,
55,30-10-1993,Queens Park Rangers,H,Old Trafford,W,2,1,Bradley Allen 8
56,07-11-1993,Manchester City,A,Maine Road,W,3,2,"Niall Quinn 22, 32"
57,20-11-1993,Wimbledon,H,Old Trafford,W,3,1,John Fashanu 63
58,24-11-1993,Ipswich Town,H,Old Trafford,D,0,0,
59,27-11-1993,Coventry City,A,Highfield Road,W,1,0,
60,04-12-1993,Norwich City,H,Old Trafford,D,2,2,"Chris Sutton 31, Ruel Fox 47 (pen)"
61,07-12-1993,Sheffield United,A,Bramall Lane,W,3,0,
62,11-12-1993,Newcastle United,A,"St James Park, Newcastle",D,1,1,*Andrew Cole 71
63,19-12-1993,Aston Villa,H,Old Trafford,W,3,1,Neil Cox 90
64,26-12-1993,Blackburn Rovers,H,Old Trafford,D,1,1,Kevin Gallacher 15
65,29-12-1993,Oldham Athletic,A,Boundary Park,W,5,2,"Greame Sharp 15, Rick Holden 26"
66,01-01-1994,Leeds United,H,Old Trafford,D,0,0,
67,04-01-1994,Liverpool,A,Anfield,D,3,3,"Nigel Clough 25, 38, Neil Ruddock 79"
68,15-01-1994,Tottenham Hotspur,A,White Hart Lane,W,1,0,
69,22-01-1994,Everton,H,Old Trafford,W,1,0,
70,05-02-1994,Queens Park Rangers,A,Loftus Road,W,3,2,"Clive Wilson 45 (pen), Les Ferdinand 65"
71,26-02-1994,West Ham United,A,Boleyn Ground,D,2,2,"Lee Chapman 70, Trevor Morley 73"
72,05-03-1994,Chelsea,H,Old Trafford,L,0,1,Gavin Peacock 65
73,16-03-1994,Sheffield Wednesday,H,Old Trafford,W,5,0,
74,19-03-1994,Swindon Town,A,"County Ground, Swindon",D,2,2,"Luc Nijholt 36, Jan Age Fjortoft 83"
75,22-03-1994,Arsenal,A,Highbury,D,2,2,"Gary Pallister 36 (o.g.), Paul Merson 78"
76,30-03-1994,Liverpool,H,Old Trafford,W,1,0,
77,02-04-1994,Blackburn Rovers,A,Ewood Park,L,0,2,"Alan Shearer 46, 76"
78,04-04-1994,Oldham Athletic,H,Old Trafford,W,3,2,"Sean McCarthy 49, Graeme Sharp 70"
79,16-04-1994,Wimbledon,A,Selhurst Park,L,0,1,John Fashanu 22
80,23-04-1994,Manchester City,H,Old Trafford,W,2,0,
81,27-04-1994,Leeds United,A,Elland Road,W,2,0,
82,01-05-1994,Ipswich Town,A,Portman Road,W,2,1,Chris Kiwomya 20
83,04-05-1994,Southampton,H,Old Trafford,W,2,0,
84,08-05-1994,Coventry City,H,Old Trafford,D,0,0,
85,20-08-1994,Queens Park Rangers,H,Old Trafford,W,2,0,
86,22-08-1994,Nottingham Forest,A,"City Ground, Nottingham",D,1,1,Stan Collymore 26
87,27-08-1994,Tottenham Hotspur,A,White Hart Lane,W,1,0,
88,31-08-1994,Wimbledon,H,Old Trafford,W,3,0,
89,11-09-1994,Leeds United,A,Elland Road,L,1,2,"David Wetherall 13, Brian Deane 48"
90,17-09-1994,Liverpool,H,Old Trafford,W,2,0,
91,24-09-1994,Ipswich Town,A,Portman Road,L,2,3,"Paul Mason 16, 44, Steve Sedgley 81"
92,01-10-1994,Everton,H,Old Trafford,W,2,0,
93,08-10-1994,Sheffield Wednesday,A,Hillsborough,L,0,1,David Hirst 44
94,15-10-1994,West Ham United,H,Old Trafford,W,1,0,
95,23-10-1994,Blackburn Rovers,A,Ewood Park,W,4,2,"Paul Warhurst 13, Colin Hendry 51"
96,29-10-1994,Newcastle United,H,Old Trafford,W,2,0,
97,06-11-1994,Aston Villa,A,Villa Park,W,2,1,Dalian Atkinson 29
98,10-11-1994,Manchester City,H,Old Trafford,W,5,0,
99,19-11-1994,Crystal Palace,H,Old Trafford,W,3,0,
100,26-11-1994,Arsenal,A,Highbury,D,0,0,
101,03-12-1994,Norwich City,H,Old Trafford,W,1,0,
102,10-12-1994,Queens Park Rangers,A,Loftus Road,W,3,2,"Les Ferdinand 24, 65"
103,17-12-1994,Nottingham Forest,H,Old Trafford,L,1,2,"Stan Collymore 37, Stuart Pearce 62"
104,26-12-1994,Chelsea,A,Stamford Bridge,W,3,2,"John Spencer 58 (pen), Eddie Newton 78"
105,28-12-1994,Leicester City,H,Old Trafford,D,1,1,Mike Whitlow 65
106,31-12-1994,Southampton,A,The Dell,D,2,2,"Jim Magilton 45, David Hughes 72"
107,03-01-1995,Coventry City,H,Old Trafford,W,2,0,
108,15-01-1995,Newcastle United,A,"St James Park, Newcastle",D,1,1,Paul Kitson 68
109,22-01-1995,Blackburn Rovers,H,Old Trafford,W,1,0,
110,25-01-1995,Crystal Palace,A,Selhurst Park,D,1,1,Gareth Southgate 81
111,04-02-1995,Aston Villa,H,Old Trafford,W,1,0,
112,11-02-1995,Manchester City,A,Maine Road,W,3,0,
113,22-02-1995,Norwich City,A,Carrow Road,W,2,0,
114,25-02-1995,Everton,A,Goodison Park,L,0,1,Duncan Ferguson 59
115,04-03-1995,Ipswich Town,H,Old Trafford,W,9,0,
116,07-03-1995,Wimbledon,A,Selhurst Park,W,1,0,
117,15-03-1995,Tottenham Hotspur,H,Old Trafford,D,0,0,
118,19-03-1995,Liverpool,A,Anfield,L,0,2,"Jamie Redknapp 25, Steve Bruce 86 (o.g.)"
119,22-03-1995,Arsenal,H,Old Trafford,W,3,0,
120,02-04-1995,Leeds United,H,Old Trafford,D,0,0,
121,15-04-1995,Leicester City,A,Filbert Street,W,4,0,
122,17-04-1995,Chelsea,H,Old Trafford,D,0,0,
123,01-05-1995,Coventry City,A,Highfield Road,W,3,2,"Peter Ndlovu 39, Steven Pressley 63"
124,07-05-1995,Sheffield Wednesday,H,Old Trafford,W,1,0,
125,10-05-1995,Southampton,H,Old Trafford,W,2,1,Simon Charlton 5
126,14-05-1995,West Ham United,A,Boleyn Ground,D,1,1,Michael Hughes 31
127,19-08-1995,Aston Villa,A,Villa Park,L,1,3,"Ian Taylor 14, Mark Draper 27, *Dwight Yorke 37 (pen)"
128,23-08-1995,West Ham United,H,Old Trafford,W,2,1,Steve Bruce 56 (o.g.)
129,26-08-1995,Wimbledon,H,Old Trafford,W,3,1,Robbie Earle 65
130,28-08-1995,Blackburn Rovers,A,Ewood Park,W,2,1,Alan Shearer 58
131,09-09-1995,Everton,A,Goodison Park,W,3,2,"Anders Limpar 28, Paul Rideout 55"
132,16-09-1995,Bolton Wanderers,H,Old Trafford,W,3,0,
133,23-09-1995,Sheffield Wednesday,A,Hillsborough,D,0,0,
134,01-10-1995,Liverpool,H,Old Trafford,D,2,2,"Robbie Fowler 35, 53"
135,14-10-1995,Manchester City,H,Old Trafford,W,1,0,
136,21-10-1995,Chelsea,A,Stamford Bridge,W,4,1,*Mark Hughes 76
137,28-10-1995,Middlesbrough,H,Old Trafford,W,2,0,
138,04-11-1995,Arsenal,A,Highbury,L,0,1,Dennis Bergkamp 14
139,18-11-1995,Southampton,H,Old Trafford,W,4,1,Neil Shipperley 86
140,22-11-1995,Coventry City,A,Highfield Road,W,4,0,
141,27-11-1995,Nottingham Forest,A,"City Ground, Nottingham",D,1,1,Paul McGregor 19
142,02-12-1995,Chelsea,H,Old Trafford,D,1,1,Dennis Wise 54
143,09-12-1995,Sheffield Wednesday,H,Old Trafford,D,2,2,"Mark Bright 60, Guy Whittingham 79"
144,17-12-1995,Liverpool,A,Anfield,L,0,2,"Robbie Fowler 45, 87"
145,24-12-1995,Leeds United,A,Elland Road,L,1,3,"Gary McAllister 6 (pen), Tony Yeboah 36, Brian Deane 73"
146,27-12-1995,Newcastle United,H,Old Trafford,W,2,0,
147,30-12-1995,Queens Park Rangers,H,Old Trafford,W,2,1,Daniel Dichio 68
148,01-01-1996,Tottenham Hotspur,A,White Hart Lane,L,1,4,"*Teddy Sheringham 35, Sol Campbell 45, Chris Armstrong 48, 66"
149,13-01-1996,Aston Villa,H,Old Trafford,D,0,0,
150,22-01-1996,West Ham United,A,Boleyn Ground,W,1,0,
151,03-02-1996,Wimbledon,A,Selhurst Park,W,4,2,"Marcus Gayle 69, Jason Euell 77"
152,10-02-1996,Blackburn Rovers,H,Old Trafford,W,1,0,
153,21-02-1996,Everton,H,Old Trafford,W,2,0,
154,25-02-1996,Bolton Wanderers,A,Burnden Park,W,6,0,
155,04-03-1996,Newcastle United,A,"St James Park, Newcastle",W,1,0,
156,16-03-1996,Queens Park Rangers,A,Loftus Road,D,1,1,Denis Irwin 64 (o.g.)
157,20-03-1996,Arsenal,H,Old Trafford,W,1,0,
158,24-03-1996,Tottenham Hotspur,H,Old Trafford,W,1,0,
159,06-04-1996,Manchester City,A,Maine Road,W,3,2,"Mikhail Kavelashvili 40, Uwe Rosler 72"
160,08-04-1996,Coventry City,H,Old Trafford,W,1,0,
161,13-04-1996,Southampton,A,The Dell,L,1,3,"Ken Monkou 12, Neil Shipperley 24, Matt Le Tissier 43"
162,17-04-1996,Leeds United,H,Old Trafford,W,1,0,
163,28-04-1996,Nottingham Forest,H,Old Trafford,W,5,0,
164,05-05-1996,Middlesbrough,A,Riverside Stadium,W,3,0,
165,17-08-1996,Wimbledon,A,Selhurst Park,W,3,0,
166,21-08-1996,Everton,H,Old Trafford,D,2,2,"Duncan Ferguson 35, 41"
167,25-08-1996,Blackburn Rovers,H,Old Trafford,D,2,2,"Paul Warhurst 34, Lars Bohinen 51"
168,04-09-1996,Derby County,A,Baseball Ground,D,1,1,Jacob Laursen 25
169,07-09-1996,Leeds United,A,Elland Road,W,4,0,
170,14-09-1996,Nottingham Forest,H,Old Trafford,W,4,1,Alf-Inge Haaland 3
171,21-09-1996,Aston Villa,A,Villa Park,D,0,0,
172,29-09-1996,Tottenham Hotspur,H,Old Trafford,W,2,0,
173,12-10-1996,Liverpool,H,Old Trafford,W,1,0,
174,20-10-1996,Newcastle United,A,"St James Park, Newcastle",L,0,5,"Darren Peacock 13, David Ginola 31, Les Ferdinand 63, Alan Shearer 75, Philippe Albert 84"
175,26-10-1996,Southampton,A,The Dell,L,3,6,"Eyal Berkovic 6, 84, Matt Le Tissier 35, Egil Ostenstad 45, 86, Phil Neville 90 (o.g.)"
176,02-11-1996,Chelsea,H,Old Trafford,L,1,2,"Michael Duberry 31, Gianluca Vialli 60"
177,16-11-1996,Arsenal,H,Old Trafford,W,1,0,
178,23-11-1996,Middlesbrough,A,Riverside Stadium,D,2,2,"Fabrizio Ravanelli 27, Craig Hignett 82 (pen)"
179,30-11-1996,Leicester City,H,Old Trafford,W,3,1,Neil Lennon 90
180,08-12-1996,West Ham United,A,Boleyn Ground,D,2,2,"Florin Raducioiu 78, Julian Dicks 80 (pen)"
181,18-12-1996,Sheffield Wednesday,A,Hillsborough,D,1,1,Benito Carbone 57
182,21-12-1996,Sunderland,H,Old Trafford,W,5,0,
183,26-12-1996,Nottingham Forest,A,"City Ground, Nottingham",W,4,0,
184,28-12-1996,Leeds United,H,Old Trafford,W,1,0,
185,01-01-1997,Aston Villa,H,Old Trafford,D,0,0,
186,12-01-1997,Tottenham Hotspur,A,White Hart Lane,W,2,1,Rory Allen 44
187,18-01-1997,Coventry City,A,Highfield Road,W,2,0,
188,29-01-1997,Wimbledon,H,Old Trafford,W,2,1,Chris Perry 61
189,01-02-1997,Southampton,H,Old Trafford,W,2,1,Egil Ostenstad 10
190,19-02-1997,Arsenal,A,Highbury,W,2,1,Dennis Bergkamp 70
191,22-02-1997,Chelsea,A,Stamford Bridge,D,1,1,Gianfranco Zola 2
192,01-03-1997,Coventry City,H,Old Trafford,W,3,1,Darren Huckerby 85
193,08-03-1997,Sunderland,A,Roker Park,L,1,2,"Michael Gray 52, John Mullin 76"
194,15-03-1997,Sheffield Wednesday,H,Old Trafford,W,2,0,
195,22-03-1997,Everton,A,Goodison Park,W,2,0,
196,05-04-1997,Derby County,H,Old Trafford,L,2,3,"Ashley Ward 28, Paulo Wanchope 35, Dean Sturridge 74"
197,12-04-1997,Blackburn Rovers,A,Ewood Park,W,3,2,"Billy McKinlay 35, Paul Warhurst 86"
198,19-04-1997,Liverpool,A,Anfield,W,3,1,John Barnes 19
199,03-05-1997,Leicester City,A,Filbert Street,D,2,2,"Steve Walsh 16, Ian Marshall 20"
200,05-05-1997,Middlesbrough,H,Old Trafford,D,3,3,"Juninho 15, Emerson 37, Craig Hignett 40"
201,08-05-1997,Newcastle United,H,Old Trafford,D,0,0,
202,11-05-1997,West Ham United,H,Old Trafford,W,2,0,
203,10-08-1997,Tottenham Hotspur,A,White Hart Lane,W,2,0,
204,13-08-1997,Southampton,H,Old Trafford,W,1,0,
205,23-08-1997,Leicester City,A,Filbert Street,D,0,0,
206,27-08-1997,Everton,A,Goodison Park,W,2,0,
207,30-08-1997,Coventry City,H,Old Trafford,W,3,0,
208,13-09-1997,West Ham United,H,Old Trafford,W,2,1,John Hartson 14
209,20-09-1997,Bolton Wanderers,A,Reebok Stadium,D,0,0,
210,24-09-1997,Chelsea,H,Old Trafford,D,2,2,"Henning Berg 23 (o.g.), *Mark Hughes 67"
211,27-09-1997,Leeds United,A,Elland Road,L,0,1,David Wetherall 34
212,04-10-1997,Crystal Palace,H,Old Trafford,W,2,0,
213,18-10-1997,Derby County,A,Pride Park,D,2,2,"Francesco Baiano 23, Paulo Wanchope 39"
214,25-10-1997,Barnsley,H,Old Trafford,W,7,0,
215,01-11-1997,Sheffield Wednesday,H,Old Trafford,W,6,1,Guy Whittingham 69
216,09-11-1997,Arsenal,A,Highbury,L,2,3,"Nicholas Anelka 9, Patrick Vieira 27, David Platt 83"
217,22-11-1997,Wimbledon,A,Selhurst Park,W,5,2,"Neal Ardley 68, Michael Hughes 70"
218,30-11-1997,Blackburn Rovers,H,Old Trafford,W,4,0,
219,06-12-1997,Liverpool,A,Anfield,W,3,1,Robbie Fowler 60 (pen)
220,15-12-1997,Aston Villa,H,Old Trafford,W,1,0,
221,21-12-1997,Newcastle United,A,"St James Park, Newcastle",W,1,0,
222,26-12-1997,Everton,H,Old Trafford,W,2,0,
223,28-12-1997,Coventry City,A,Highfield Road,L,2,3,"Noel Whelan 13, *Dion Dublin 87 (pen), Darren Huckerby 88"
224,10-01-1998,Tottenham Hotspur,H,Old Trafford,W,2,0,
225,19-01-1998,Southampton,A,The Dell,L,0,1,Kevin Davies 3
226,31-01-1998,Leicester City,H,Old Trafford,L,0,1,Tony Cottee 8
227,07-02-1998,Bolton Wanderers,H,Old Trafford,D,1,1,Bob Taylor 60
228,18-02-1998,Aston Villa,A,Villa Park,W,2,0,
229,21-02-1998,Derby County,H,Old Trafford,W,2,0,
230,28-02-1998,Chelsea,A,Stamford Bridge,W,1,0,
231,07-03-1998,Sheffield Wednesday,A,Hillsborough,L,0,2,"Peter Atherton 27, Paulo Di Canio 89"
232,11-03-1998,West Ham United,A,Boleyn Ground,D,1,1,Trevor Sinclair 7
233,14-03-1998,Arsenal,H,Old Trafford,L,0,1,Marc Overmars 80
234,28-03-1998,Wimbledon,H,Old Trafford,W,2,0,
235,06-04-1998,Blackburn Rovers,A,Ewood Park,W,3,1,Chris Sutton 31 (pen)
236,10-04-1998,Liverpool,H,Old Trafford,D,1,1,*Michael Owen 36
237,18-04-1998,Newcastle United,H,Old Trafford,D,1,1,Andreas Andersson 11
238,27-04-1998,Crystal Palace,A,Selhurst Park,W,3,0,
239,04-05-1998,Leeds United,H,Old Trafford,W,3,0,
240,10-05-1998,Barnsley,A,Oakwell,W,2,0,
241,15-08-1998,Leicester City,H,Old Trafford,D,2,2,"Emile Heskey 7, Tony Cottee 76"
242,22-08-1998,West Ham United,A,Boleyn Ground,D,0,0,
243,09-09-1998,Charlton Athletic,H,Old Trafford,W,4,1,Mark Kinsella 32
244,12-09-1998,Coventry City,H,Old Trafford,W,2,0,
245,20-09-1998,Arsenal,A,Highbury,L,0,3,"Tony Adams 14, Nicholas Anelka 44, Freddy Ljungberg 80"
246,24-09-1998,Liverpool,H,Old Trafford,W,2,0,
247,03-10-1998,Southampton,A,The Dell,W,3,0,
248,17-10-1998,Wimbledon,H,Old Trafford,W,5,1,Jason Euell 39
249,24-10-1998,Derby County,A,Pride Park,D,1,1,Deon Burton 75
250,31-10-1998,Everton,A,Goodison Park,W,4,1,Duncan Ferguson 31
251,08-11-1998,Newcastle United,H,Old Trafford,D,0,0,
252,14-11-1998,Blackburn Rovers,H,Old Trafford,W,3,2,"Dario Marcolin 66, Nathan Blake 74"
253,21-11-1998,Sheffield Wednesday,A,Hillsborough,L,1,3,"Niclas Alexandersson 15, 73, Wim Jonk 55"
254,29-11-1998,Leeds United,H,Old Trafford,W,3,2,"Jimmy Floyd Hasselbaink 30, Harry Kewell 52"
255,05-12-1998,Aston Villa,A,Villa Park,D,1,1,Julian Joachim 55
256,12-12-1998,Tottenham Hotspur,A,White Hart Lane,D,2,2,"Sol Campbell 71, 90"
257,16-12-1998,Chelsea,H,Old Trafford,D,1,1,Gianfranco Zola 83
258,19-12-1998,Middlesbrough,H,Old Trafford,L,2,3,"Hamilton Ricard 24, Dean Gordon 31, Brian Deane 59"
259,26-12-1998,Nottingham Forest,H,Old Trafford,W,3,0,
260,29-12-1998,Chelsea,A,Stamford Bridge,D,0,0,
261,10-01-1999,West Ham United,H,Old Trafford,W,4,1,Frank Lampard 89
262,16-01-1999,Leicester City,A,Filbert Street,W,6,2,"Theo Zagorakis 35, Steve Walsh 75"
263,31-01-1999,Charlton Athletic,A,The Valley,W,1,0,
264,03-02-1999,Derby County,H,Old Trafford,W,1,0,
265,06-02-1999,Nottingham Forest,A,"City Ground, Nottingham",W,8,1,Alan Rogers 6
266,17-02-1999,Arsenal,H,Old Trafford,D,1,1,Nicholas Anelka 48
267,20-02-1999,Coventry City,A,Highfield Road,W,1,0,
268,27-02-1999,Southampton,H,Old Trafford,W,2,1,Matt Le Tissier 90
269,13-03-1999,Newcastle United,A,"St James Park, Newcastle",W,2,1,Nolberto Solano 16
270,21-03-1999,Everton,H,Old Trafford,W,3,1,Don Hutchison 81
271,03-04-1999,Wimbledon,A,Selhurst Park,D,1,1,Jason Euell 5
272,17-04-1999,Sheffield Wednesday,H,Old Trafford,W,3,0,
273,25-04-1999,Leeds United,A,Elland Road,D,1,1,Jimmy Floyd Hasselbaink 32
274,01-05-1999,Aston Villa,H,Old Trafford,W,2,1,Julian Joachim 34
275,05-05-1999,Liverpool,A,Anfield,D,2,2,"Jamie Redknapp 70 (pen), *Paul Ince 89"
276,09-05-1999,Middlesbrough,A,Riverside Stadium,W,1,0,
277,12-05-1999,Blackburn Rovers,A,Ewood Park,D,0,0,
278,16-05-1999,Tottenham Hotspur,H,Old Trafford,W,2,1,Les Ferdinand 26
279,08-08-1999,Everton,A,Goodison Park,D,1,1,Jaap Stam 87 (o.g.)
280,11-08-1999,Sheffield Wednesday,H,Old Trafford,W,4,0,
281,14-08-1999,Leeds United,H,Old Trafford,W,2,0,
282,22-08-1999,Arsenal,A,Highbury,W,2,1,Freddy Ljungberg 41
283,25-08-1999,Coventry City,A,Highfield Road,W,2,1,John Aloisi 80
284,30-08-1999,Newcastle United,H,Old Trafford,W,5,1,Henning Berg 31 (o.g.)
285,11-09-1999,Liverpool,A,Anfield,W,3,2,"Sami Hyypia 23, Patrick Berger 69"
286,18-09-1999,Wimbledon,H,Old Trafford,D,1,1,Walid Badir 16
287,25-09-1999,Southampton,H,Old Trafford,D,3,3,"Marion Pahars 17, Matt Le Tissier 51, 73"
288,03-10-1999,Chelsea,A,Stamford Bridge,L,0,5,"Gus Poyet 1, 56, Chris Sutton 16, Henning Berg 59 (o.g.), Jody Morris 82"
289,16-10-1999,Watford,H,Old Trafford,W,4,1,Richard Johnson 68
290,23-10-1999,Tottenham Hotspur,A,White Hart Lane,L,1,3,"Steffen Iversen 37, Paul Scholes 40 (o.g.), Stephen Carr 71"
291,30-10-1999,Aston Villa,H,Old Trafford,W,3,0,
292,06-11-1999,Leicester City,H,Old Trafford,W,2,0,
293,20-11-1999,Derby County,A,Pride Park,W,2,1,Rory Delap 90
294,04-12-1999,Everton,H,Old Trafford,W,5,1,Francis Jeffers 7
295,18-12-1999,West Ham United,A,Boleyn Ground,W,4,2,Paulo Di Canio 24 53
296,26-12-1999,Bradford City,H,Old Trafford,W,4,0,
297,28-12-1999,Sunderland,A,"Stadium of Light, Sunderland",D,2,2,"Gavin McCann 2, Niall Quinn 12"
298,24-01-2000,Arsenal,H,Old Trafford,D,1,1,Freddy Ljungberg 12
299,29-01-2000,Middlesbrough,H,Old Trafford,W,1,0,
300,02-02-2000,Sheffield Wednesday,A,Hillsborough,W,1,0,
301,05-02-2000,Coventry City,H,Old Trafford,W,3,2,"Cedric Rousell 65, 90"
302,12-02-2000,Newcastle United,A,"St James Park, Newcastle",L,0,3,"Duncan Ferguson 26, Alan Shearer 76, 86"
303,20-02-2000,Leeds United,A,Elland Road,W,1,0,
304,26-02-2000,Wimbledon,A,Selhurst Park,D,2,2,"Jason Euell 2, Carl Cort 63"
305,04-03-2000,Liverpool,H,Old Trafford,D,1,1,Patrick Berger 27
306,11-03-2000,Derby County,H,Old Trafford,W,3,1,Branco Strupar 66
307,18-03-2000,Leicester City,A,Filbert Street,W,2,0,
308,25-03-2000,Bradford City,A,Valley Parade,W,4,0,
309,01-04-2000,West Ham United,H,Old Trafford,W,7,1,Paulo Wanchope 11
310,10-04-2000,Middlesbrough,A,Riverside Stadium,W,4,3,"Andy Campbell 19, *Paul Ince 87, Juninho 90"
311,15-04-2000,Sunderland,H,Old Trafford,W,4,0,
312,22-04-2000,Southampton,A,The Dell,W,3,1,Marion Pahars 84
313,24-04-2000,Chelsea,H,Old Trafford,W,3,2,"Dan Petrescu 22, Gianfranco Zola 36"
314,29-04-2000,Watford,A,Vicarage Road,W,3,2,"Heidar Helguson 34, Tommy Smith 78"
315,06-05-2000,Tottenham Hotspur,H,Old Trafford,W,3,1,Chris Armstrong 20
316,14-05-2000,Aston Villa,A,Villa Park,W,1,0,
317,20-08-2000,Newcastle United,H,Old Trafford,W,2,0,
318,22-08-2000,Ipswich Town,A,Portman Road,D,1,1,Fabian Wilnis 6
319,26-08-2000,West Ham United,A,Boleyn Ground,D,2,2,"Paulo Di Canio 85 (pen), Davor Suker 89"
320,05-09-2000,Bradford City,H,Old Trafford,W,6,0,
321,09-09-2000,Sunderland,H,Old Trafford,W,3,0,
322,16-09-2000,Everton,A,Goodison Park,W,3,1,Thomas Gravesen 54
323,23-09-2000,Chelsea,H,Old Trafford,D,3,3,"Jimmy Floyd Hasselbaink 8, Tore-Andre Flo 45, 70"
324,01-10-2000,Arsenal,A,Highbury,L,0,1,Thierry Henry 30
325,14-10-2000,Leicester City,A,Filbert Street,W,3,0,
326,21-10-2000,Leeds United,H,Old Trafford,W,3,0,
327,28-10-2000,Southampton,H,Old Trafford,W,5,0,
328,04-11-2000,Coventry City,A,Highfield Road,W,2,1,Ysrael Zuniga 65
329,11-11-2000,Middlesbrough,H,Old Trafford,W,2,1,Christian Karembeu 31
330,18-11-2000,Manchester City,A,Maine Road,W,1,0,
331,25-11-2000,Derby County,A,Pride Park,W,3,0,
332,02-12-2000,Tottenham Hotspur,H,Old Trafford,W,2,0,
333,09-12-2000,Charlton Athletic,A,The Valley,D,3,3,"Shaun Bartlett 10, 79, John Robinson 85"
334,17-12-2000,Liverpool,H,Old Trafford,L,0,1,Danny Murphy 43
335,23-12-2000,Ipswich Town,H,Old Trafford,W,2,0,
336,26-12-2000,Aston Villa,A,Villa Park,W,1,0,
337,30-12-2000,Newcastle United,A,"St James Park, Newcastle",D,1,1,Stephen Glass 82
338,01-01-2001,West Ham United,H,Old Trafford,W,3,1,Frederic Kanoute 72
339,13-01-2001,Bradford City,A,Valley Parade,W,3,0,
340,20-01-2001,Aston Villa,H,Old Trafford,W,2,0,
341,31-01-2001,Sunderland,A,"Stadium of Light, Sunderland",W,1,0,
342,03-02-2001,Everton,H,Old Trafford,W,1,0,
343,10-02-2001,Chelsea,A,Stamford Bridge,D,1,1,Jimmy Floyd Hasselbaink 24
344,25-02-2001,Arsenal,H,Old Trafford,W,6,1,Thierry Henry 15
345,03-03-2001,Leeds United,A,Elland Road,D,1,1,Mark Viduka 84
346,17-03-2001,Leicester City,H,Old Trafford,W,2,0,
347,31-03-2001,Liverpool,A,Anfield,L,0,2,"Steven Gerrard 16, Robbie Fowler 40"
348,10-04-2001,Charlton Athletic,H,Old Trafford,W,2,1,Mark Fish 63
349,14-04-2001,Coventry City,H,Old Trafford,W,4,2,"John Hartson 11, 33"
350,21-04-2001,Manchester City,H,Old Trafford,D,1,1,Steve Howey 84
351,28-04-2001,Middlesbrough,A,Riverside Stadium,W,2,0,
352,05-05-2001,Derby County,H,Old Trafford,L,0,1,Malcolm Christie 34
353,13-05-2001,Southampton,A,The Dell,L,1,2,"Wesley Brown 9 (o.g.), Marion Pahars 14"
354,19-05-2001,Tottenham Hotspur,A,White Hart Lane,L,1,3,"Willem Korsten 17, 67, Les Ferdinand 75"
355,19-08-2001,Fulham,H,Old Trafford,W,3,2,*Louis Saha 4 48
356,22-08-2001,Blackburn Rovers,A,Ewood Park,D,2,2,"David Beckham 49 (o.g.), *Keith Gillespie 69"
357,26-08-2001,Aston Villa,A,Villa Park,D,1,1,Daruis Vassell 4
358,08-09-2001,Everton,H,Old Trafford,W,4,1,Kevin Campbell 68
359,15-09-2001,Newcastle United,A,"St James Park, Newcastle",L,3,4,"Laurent Robert 5, Rob Lee 34, Nikos Dabizas 52, Alan Shearer 82"
360,22-09-2001,Ipswich Town,H,Old Trafford,W,4,0,
361,29-09-2001,Tottenham Hotspur,A,White Hart Lane,W,5,3,"Dean Richards 15, Les Ferdinand 25, Christian Ziege 45"
362,13-10-2001,Sunderland,A,"Stadium of Light, Sunderland",W,3,1,Kevin Phillips 83
363,20-10-2001,Bolton Wanderers,H,Old Trafford,L,1,2,"Kevin Nolan 35, Michael Ricketts 84"
364,27-10-2001,Leeds United,H,Old Trafford,D,1,1,Mark Viduka 77
365,04-11-2001,Liverpool,A,Anfield,L,1,3,"*Michael Owen 32, 51, John Arne Riise 39"
366,17-11-2001,Leicester City,H,Old Trafford,W,2,0,
367,25-11-2001,Arsenal,A,Highbury,L,1,3,"Freddy Ljungberg 49, Thierry Henry 80, 85"
368,01-12-2001,Chelsea,H,Old Trafford,L,0,3,"Mario Melchiot 6, Jimmy Floyd Hasselbaink 64, Eidur Gudjohnsen 86"
369,08-12-2001,West Ham United,H,Old Trafford,L,0,1,Jermain Defoe 63
370,12-12-2001,Derby County,H,Old Trafford,W,5,0,
371,15-12-2001,Middlesbrough,A,Riverside Stadium,W,1,0,
372,22-12-2001,Southampton,H,Old Trafford,W,6,1,Marion Pahars 55
373,26-12-2001,Everton,A,Goodison Park,W,2,0,
374,30-12-2001,Fulham,A,Craven Cottage,W,3,2,"Sylvain Legwinski 45, Steve Marlet 89"
375,02-01-2002,Newcastle United,H,Old Trafford,W,3,1,Alan Shearer 69
376,13-01-2002,Southampton,A,St Marys Stadium,W,3,1,James Beattie 3
377,19-01-2002,Blackburn Rovers,H,Old Trafford,W,2,1,Craig Hignett 49
378,22-01-2002,Liverpool,H,Old Trafford,L,0,1,Danny Murphy 84
379,29-01-2002,Bolton Wanderers,A,Reebok Stadium,W,4,0,
380,02-02-2002,Sunderland,H,Old Trafford,W,4,1,Kevin Phillips 12
381,10-02-2002,Charlton Athletic,A,The Valley,W,2,0,
382,23-02-2002,Aston Villa,H,Old Trafford,W,1,0,
383,03-03-2002,Derby County,A,Pride Park,D,2,2,"Malcolm Christie 8, 78"
384,06-03-2002,Tottenham Hotspur,H,Old Trafford,W,4,0,
385,16-03-2002,West Ham United,A,Boleyn Ground,W,5,3,"Steve Lomas 8, Frederic Kanoute 20, Jermain Defoe 78"
386,23-03-2002,Middlesbrough,H,Old Trafford,L,0,1,Alen Boksic 9
387,30-03-2002,Leeds United,A,Elland Road,W,4,3,"Mark Viduka 20, Ian Harte 62, Lee Bowyer 80"
388,06-04-2002,Leicester City,A,Filbert Street,W,1,0,
389,20-04-2002,Chelsea,A,Stamford Bridge,W,3,0,
390,27-04-2002,Ipswich Town,A,Portman Road,W,1,0,
391,08-05-2002,Arsenal,H,Old Trafford,L,0,1,Sylvain Wiltord 56
392,11-05-2002,Charlton Athletic,H,Old Trafford,D,0,0,
393,17-08-2002,West Bromwich Albion,H,Old Trafford,W,1,0,
394,23-08-2002,Chelsea,A,Stamford Bridge,D,2,2,"William Gallas 3, Bolo Zenden 45"
395,31-08-2002,Sunderland,A,"Stadium of Light, Sunderland",D,1,1,Tore Andre Flo 70
396,03-09-2002,Middlesbrough,H,Old Trafford,W,1,0,
397,11-09-2002,Bolton Wanderers,H,Old Trafford,L,0,1,Kevin Nolan 76
398,14-09-2002,Leeds United,A,Elland Road,L,0,1,Harry Kewell 67
399,21-09-2002,Tottenham Hotspur,H,Old Trafford,W,1,0,
400,28-09-2002,Charlton Athletic,A,The Valley,W,3,1,Claus Jensen 43
401,07-10-2002,Everton,H,Old Trafford,W,3,0,
402,19-10-2002,Fulham,A,Loftus Road,D,1,1,Steve Marlet 35
403,26-10-2002,Aston Villa,H,Old Trafford,D,1,1,Olof Mellberg 35
404,02-11-2002,Southampton,H,Old Trafford,W,2,1,Fabrice Fernandes 18
405,09-11-2002,Manchester City,A,Maine Road,L,1,3,"Nicholas Anelka 5, Shaun Goater 26, 50"
406,17-11-2002,West Ham United,A,Boleyn Ground,D,1,1,Jermain Defoe 86
407,23-11-2002,Newcastle United,H,Old Trafford,W,5,3,"Olivier Bernard 35, Alan Shearer 52, Craig Bellamy 75"
408,01-12-2002,Liverpool,A,Anfield,W,2,1,Sami Hyypia 82
409,07-12-2002,Arsenal,H,Old Trafford,W,2,0,
410,14-12-2002,West Ham United,H,Old Trafford,W,3,0,
411,22-12-2002,Blackburn Rovers,A,Ewood Park,L,0,1,Gary Flitcroft 40
412,26-12-2002,Middlesbrough,A,Riverside Stadium,L,1,3,"Alen Boksic 43, Szilard Nemeth 47, Joseph-Desire Job 86"
413,28-12-2002,Birmingham City,H,Old Trafford,W,2,0,
414,01-01-2003,Sunderland,H,Old Trafford,W,2,1,Juan Sebastian Veron 5 (o.g.)
415,11-01-2003,West Bromwich Albion,A,The Hawthorns,W,3,1,Jason Koumas 6
416,18-01-2003,Chelsea,H,Old Trafford,W,2,1,Eidur Gudjohnsen 30
417,01-02-2003,Southampton,A,St Marys Stadium,W,2,0,
418,04-02-2003,Birmingham City,A,St Andrews,W,1,0,
419,09-02-2003,Manchester City,H,Old Trafford,D,1,1,Shaun Goater 86
420,22-02-2003,Bolton Wanderers,A,Reebok Stadium,D,1,1,Bruno NGotty 61
421,05-03-2003,Leeds United,H,Old Trafford,W,2,1,Mark Viduka 64
422,15-03-2003,Aston Villa,A,Villa Park,W,1,0,
423,22-03-2003,Fulham,H,Old Trafford,W,3,0,
424,05-04-2003,Liverpool,H,Old Trafford,W,4,0,
425,12-04-2003,Newcastle United,A,"St James Park, Newcastle",W,6,2,"Jermaine Jenas 21, Shola Ameobi 89"
426,16-04-2003,Arsenal,A,Highbury,D,2,2,"Thierry Henry 51, 62"
427,19-04-2003,Blackburn Rovers,H,Old Trafford,W,3,1,*Henning Berg 25
428,27-04-2003,Tottenham Hotspur,A,White Hart Lane,W,2,0,
429,03-05-2003,Charlton Athletic,H,Old Trafford,W,4,1,Claus Jensen 13
430,11-05-2003,Everton,A,Goodison Park,W,2,1,Kevin Campbell 8
431,16-08-2003,Bolton Wanderers,H,Old Trafford,W,4,0,
432,23-08-2003,Newcastle United,A,"St James Park, Newcastle",W,2,1,Alan Shearer 26
433,27-08-2003,Wolverhampton Wanderers,H,Old Trafford,W,1,0,
434,31-08-2003,Southampton,A,St Marys Stadium,L,0,1,James Beattie 88
435,13-09-2003,Charlton Athletic,A,The Valley,W,2,0,
436,21-09-2003,Arsenal,H,Old Trafford,D,0,0,
437,27-09-2003,Leicester City,A,Walkers Stadium,W,4,1,Frank Sinclair 73
438,04-10-2003,Birmingham City,H,Old Trafford,W,3,0,
439,18-10-2003,Leeds United,A,Elland Road,W,1,0,
440,25-10-2003,Fulham,H,Old Trafford,L,1,3,"Lee Clark 3, Steed Malbranque 66, Junichi Inamoto 79"
441,01-11-2003,Portsmouth,H,Old Trafford,W,3,0,
442,09-11-2003,Liverpool,A,Anfield,W,2,1,Harry Kewell 75
443,22-11-2003,Blackburn Rovers,H,Old Trafford,W,2,1,Brett Emerton 62
444,30-11-2003,Chelsea,A,Stamford Bridge,L,0,1,Frank Lampard 30 (pen)
445,06-12-2003,Aston Villa,H,Old Trafford,W,4,0,
446,13-12-2003,Manchester City,H,Old Trafford,W,3,1,Shaun Wright-Phillips 52
447,21-12-2003,Tottenham Hotspur,A,White Hart Lane,W,2,1,Gus Poyet 63
448,26-12-2003,Everton,H,Old Trafford,W,3,2,"Gary Neville 13 (o.g.), Duncan Ferguson 90"
449,28-12-2003,Middlesbrough,A,Riverside Stadium,W,1,0,
450,07-01-2004,Bolton Wanderers,A,Reebok Stadium,W,2,1,Gary Neville 89 (o.g.)
451,11-01-2004,Newcastle United,H,Old Trafford,D,0,0,
452,17-01-2004,Wolverhampton Wanderers,A,Molineux,L,0,1,Kenny Miller 67
453,31-01-2004,Southampton,H,Old Trafford,W,3,2,"Kevin Phillips 38, 53"
454,07-02-2004,Everton,A,Goodison Park,W,4,3,"David Unsworth 49, John OShea 65 (o.g.), Kevin Kilbane 75"
455,11-02-2004,Middlesbrough,H,Old Trafford,L,2,3,"Juninho 34, 38, Joseph-Desire Job 80"
456,21-02-2004,Leeds United,H,Old Trafford,D,1,1,*Alan Smith 67
457,28-02-2004,Fulham,A,Loftus Road,D,1,1,Luis Boa-Morte 64
458,14-03-2004,Manchester City,A,Eastlands Stadium,L,1,4,"Robbie Fowler 3, Jon Macken 32, Trevor Sinclair 73, Shaun Wright-Phillips 90"
459,20-03-2004,Tottenham Hotspur,H,Old Trafford,W,3,0,
460,28-03-2004,Arsenal,A,Highbury,D,1,1,Thierry Henry 50
461,10-04-2004,Birmingham City,A,St Andrews,W,2,1,Martin Grainger 39
462,13-04-2004,Leicester City,H,Old Trafford,W,1,0,
463,17-04-2004,Portsmouth,A,Fratton Park,L,0,1,Steve Stone 36
464,20-04-2004,Charlton Athletic,H,Old Trafford,W,2,0,
465,24-04-2004,Liverpool,H,Old Trafford,L,0,1,Danny Murphy 63 (pen)
466,01-05-2004,Blackburn Rovers,A,Ewood Park,L,0,1,Jonathan Stead 85
467,08-05-2004,Chelsea,H,Old Trafford,D,1,1,Jesper Gronkjaer 18
468,15-05-2004,Aston Villa,A,Villa Park,W,2,0,
469,15-08-2004,Chelsea,A,Stamford Bridge,L,0,1,Eidur Gudjohnsen 15
470,21-08-2004,Norwich City,H,Old Trafford,W,2,1,Paul McVeigh 75
471,28-08-2004,Blackburn Rovers,A,Ewood Park,D,1,1,Paul Dickov 17
472,30-08-2004,Everton,H,Old Trafford,D,0,0,
473,11-09-2004,Bolton Wanderers,A,Reebok Stadium,D,2,2,"Kevin Nolan 52, Les Ferdinand 90"
474,20-09-2004,Liverpool,H,Old Trafford,W,2,1,John OShea 54 (o.g.)
475,25-09-2004,Tottenham Hotspur,A,White Hart Lane,W,1,0,
476,03-10-2004,Middlesbrough,H,Old Trafford,D,1,1,Stuart Downing 33
477,16-10-2004,Birmingham City,A,St Andrews,D,0,0,
478,24-10-2004,Arsenal,H,Old Trafford,W,2,0,
479,30-10-2004,Portsmouth,A,Fratton Park,L,0,2,"David Unsworth 53 (pen), Ayegbeni Yakubu 72"
480,07-11-2004,Manchester City,H,Old Trafford,D,0,0,
481,14-11-2004,Newcastle United,A,"St James Park, Newcastle",W,3,1,Alan Shearer 71
482,20-11-2004,Charlton Athletic,H,Old Trafford,W,2,0,
483,27-11-2004,West Bromwich Albion,A,The Hawthorns,W,3,0,
484,04-12-2004,Southampton,H,Old Trafford,W,3,0,
485,13-12-2004,Fulham,A,Craven Cottage,D,1,1,Papa Bouba Diop 87
486,18-12-2004,Crystal Palace,H,Old Trafford,W,5,2,"Danny Granville 27, Joonas Kolkka 46"
487,26-12-2004,Bolton Wanderers,H,Old Trafford,W,2,0,
488,28-12-2004,Aston Villa,A,Villa Park,W,1,0,
489,01-01-2005,Middlesbrough,A,Riverside Stadium,W,2,0,
490,04-01-2005,Tottenham Hotspur,H,Old Trafford,D,0,0,
491,15-01-2005,Liverpool,A,Anfield,W,1,0,
492,22-01-2005,Aston Villa,H,Old Trafford,W,3,1,Gareth Barry 53
493,01-02-2005,Arsenal,A,Highbury,W,4,2,"Patrick Vieira 8, Dennis Bergkamp 36"
494,05-02-2005,Birmingham City,H,Old Trafford,W,2,0,
495,13-02-2005,Manchester City,A,Eastlands Stadium,W,2,0,
496,26-02-2005,Portsmouth,H,Old Trafford,W,2,1,Gary ONeil 47
497,05-03-2005,Crystal Palace,A,Selhurst Park,D,0,0,
498,19-03-2005,Fulham,H,Old Trafford,W,1,0,
499,02-04-2005,Blackburn Rovers,H,Old Trafford,D,0,0,
500,09-04-2005,Norwich City,A,Carrow Road,L,0,2,"Dean Ashton 55, Leon McKenzie 66"
501,20-04-2005,Everton,A,Goodison Park,L,0,1,Duncan Ferguson 55
502,24-04-2005,Newcastle United,H,Old Trafford,W,2,1,Darren Ambrose 27
503,01-05-2005,Charlton Athletic,A,The Valley,W,4,0,
504,07-05-2005,West Bromwich Albion,H,Old Trafford,D,1,1,Robert Earnshaw 63 (pen)
505,10-05-2005,Chelsea,H,Old Trafford,L,1,3,"Tiago Mendes 17, Eidur Gudjohnsen 61, Joe Cole 82"
506,15-05-2005,Southampton,A,St Marys Stadium,W,2,1,John OShea 10 (o.g.)
507,13-08-2005,Everton,A,Goodison Park,W,2,0,
508,20-08-2005,Aston Villa,H,Old Trafford,W,1,0,
509,28-08-2005,Newcastle United,A,"St James Park, Newcastle",W,2,0,
510,10-09-2005,Manchester City,H,Old Trafford,D,1,1,Joey Barton 76
511,18-09-2005,Liverpool,A,Anfield,D,0,0,
512,24-09-2005,Blackburn Rovers,H,Old Trafford,L,1,2,"Morten Gamst Pedersen 33, 81"
513,01-10-2005,Fulham,A,Craven Cottage,W,3,2,"Collins John 1, Claus Jensen 27"
514,15-10-2005,Sunderland,A,"Stadium of Light, Sunderland",W,3,1,Stephen Elliott 82
515,22-10-2005,Tottenham Hotspur,H,Old Trafford,D,1,1,Jermaine Jenas 72
516,29-10-2005,Middlesbrough,A,Riverside Stadium,L,1,4,"Gaizka Mendieta 2, 76, Jimmy Floyd Hasselbaink 25, Ayegbeni Yakubu 45+5 (pen)"
517,06-11-2005,Chelsea,H,Old Trafford,W,1,0,
518,19-11-2005,Charlton Athletic,A,The Valley,W,3,1,Darren Ambrose 65
519,27-11-2005,West Ham United,A,Boleyn Ground,W,2,1,Marlon Harewood 1
520,03-12-2005,Portsmouth,H,Old Trafford,W,3,0,
521,11-12-2005,Everton,H,Old Trafford,D,1,1,James McFadden 7
522,14-12-2005,Wigan Athletic,H,Old Trafford,W,4,0,
523,17-12-2005,Aston Villa,A,Villa Park,W,2,0,
524,26-12-2005,West Bromwich Albion,H,Old Trafford,W,3,0,
525,28-12-2005,Birmingham City,A,St Andrews,D,2,2,"Jamie Clapham 18, Walter Pandiani 77"
526,31-12-2005,Bolton Wanderers,H,Old Trafford,W,4,1,Gary Speed 33
527,03-01-2006,Arsenal,A,Highbury,D,0,0,
528,14-01-2006,Manchester City,A,Eastlands Stadium,L,1,3,"Trevor Sinclair 32, Darius Vassell 39, Robbie Fowler 90+3"
529,22-01-2006,Liverpool,H,Old Trafford,W,1,0,
530,01-02-2006,Blackburn Rovers,A,Ewood Park,L,3,4,"David Bentley 35, 41, 56, Lucas Neill 45+3 (pen)"
531,04-02-2006,Fulham,H,Old Trafford,W,4,2,"Brian McBride 22, Heidar Helguson 37"
532,11-02-2006,Portsmouth,A,Fratton Park,W,3,1,Matthew Taylor 87
533,06-03-2006,Wigan Athletic,A,JJB Stadium,W,2,1,Matt Scharner 60
534,12-03-2006,Newcastle United,H,Old Trafford,W,2,0,
535,18-03-2006,West Bromwich Albion,A,The Hawthorns,W,2,1,Nathan Ellington 78
536,26-03-2006,Birmingham City,H,Old Trafford,W,3,0,
537,29-03-2006,West Ham United,H,Old Trafford,W,1,0,
538,01-04-2006,Bolton Wanderers,A,Reebok Stadium,W,2,1,Kevin Davies 26
539,09-04-2006,Arsenal,H,Old Trafford,W,2,0,
540,14-04-2006,Sunderland,H,Old Trafford,D,0,0,
541,17-04-2006,Tottenham Hotspur,A,White Hart Lane,W,2,1,Jermaine Jenas 53
542,29-04-2006,Chelsea,A,Stamford Bridge,L,0,3,"William Gallas 4, Joe Cole 61, Ricardo Carvalho 73"
543,01-05-2006,Middlesbrough,H,Old Trafford,D,0,0,
544,07-05-2006,Charlton Athletic,H,Old Trafford,W,4,0,
545,20-08-2006,Fulham,H,Old Trafford,W,5,1,Rio Ferdinand 40 (o.g.)
546,23-08-2006,Charlton Athletic,A,The Valley,W,3,0,
547,26-08-2006,Watford,A,Vicarage Road,W,2,1,Damien Francis 34
548,09-09-2006,Tottenham Hotspur,H,Old Trafford,W,1,0,
549,17-09-2006,Arsenal,H,Old Trafford,L,0,1,Emmanuel Adebayor 86
550,23-09-2006,Reading,A,Madejski Stadium,D,1,1,Kevin Doyle 48 (pen)
551,01-10-2006,Newcastle United,H,Old Trafford,W,2,0,
552,14-10-2006,Wigan Athletic,A,JJB Stadium,W,3,1,Leighton Baines 4
553,22-10-2006,Liverpool,H,Old Trafford,W,2,0,
554,28-10-2006,Bolton Wanderers,A,Reebok Stadium,W,4,0,
555,04-11-2006,Portsmouth,H,Old Trafford,W,3,0,
556,11-11-2006,Blackburn Rovers,A,Ewood Park,W,1,0,
557,18-11-2006,Sheffield United,A,Bramall Lane,W,2,1,*Keith Gillespie 13
558,26-11-2006,Chelsea,H,Old Trafford,D,1,1,Ricardo Carvalho 69
559,29-11-2006,Everton,H,Old Trafford,W,3,0,
560,02-12-2006,Middlesbrough,A,Riverside Stadium,W,2,1,James Morrison 66
561,09-12-2006,Manchester City,H,Old Trafford,W,3,1,Hatem Trabelsi 72
562,17-12-2006,West Ham United,A,Boleyn Ground,L,0,1,Nigel Reo-Coker 75
563,23-12-2006,Aston Villa,A,Villa Park,W,3,0,
564,26-12-2006,Wigan Athletic,H,Old Trafford,W,3,1,Leighton Baines 90 (pen)
565,30-12-2006,Reading,H,Old Trafford,W,3,2,"Ibrahima Sonko 38, Leroy Lita 90+1"
566,01-01-2007,Newcastle United,A,"St James Park, Newcastle",D,2,2,"James Milner 33, David Edgar 74"
567,13-01-2007,Aston Villa,H,Old Trafford,W,3,1,Gabriel Agbonlahor 52
568,21-01-2007,Arsenal,A,Emirates Stadium,L,1,2,"*Robin van Persie 83, Thierry Henry 90+3"
569,31-01-2007,Watford,H,Old Trafford,W,4,0,
570,04-02-2007,Tottenham Hotspur,A,White Hart Lane,W,4,0,
571,10-02-2007,Charlton Athletic,H,Old Trafford,W,2,0,
572,24-02-2007,Fulham,A,Craven Cottage,W,2,1,Brian McBride 17
573,03-03-2007,Liverpool,A,Anfield,W,1,0,
574,17-03-2007,Bolton Wanderers,H,Old Trafford,W,4,1,Gary Speed 87 (pen)
575,31-03-2007,Blackburn Rovers,H,Old Trafford,W,4,1,Matthew Derbyshire 29
576,07-04-2007,Portsmouth,A,Fratton Park,L,1,2,"Matthew Taylor 39, Rio Ferdinand 89 (o.g.)"
577,17-04-2007,Sheffield United,H,Old Trafford,W,2,0,
578,21-04-2007,Middlesbrough,H,Old Trafford,D,1,1,Mark Viduka 45
579,28-04-2007,Everton,A,Goodison Park,W,4,2,"Alan Stubbs 12, Manuel Fernandes 50"
580,05-05-2007,Manchester City,A,Eastlands Stadium,W,1,0,
581,09-05-2007,Chelsea,A,Stamford Bridge,D,0,0,
582,13-05-2007,West Ham United,H,Old Trafford,L,0,1,*Carlos Tevez 45
583,12-08-2007,Reading,H,Old Trafford,D,0,0,
584,15-08-2007,Portsmouth,A,Fratton Park,D,1,1,Benjani Mwaruwari 53
585,19-08-2007,Manchester City,A,Eastlands Stadium,L,0,1,Deiberson Geovanni 31
586,26-08-2007,Tottenham Hotspur,H,Old Trafford,W,1,0,
587,01-09-2007,Sunderland,H,Old Trafford,W,1,0,
588,15-09-2007,Everton,A,Goodison Park,W,1,0,
589,23-09-2007,Chelsea,H,Old Trafford,W,2,0,
590,29-09-2007,Birmingham City,A,St Andrews,W,1,0,
591,06-10-2007,Wigan Athletic,H,Old Trafford,W,4,0,
592,20-10-2007,Aston Villa,A,Villa Park,W,4,1,Gabriel Agbonlahor 13
593,27-10-2007,Middlesbrough,H,Old Trafford,W,4,1,Jeremie Aliadiere 6
594,03-11-2007,Arsenal,A,Emirates Stadium,D,2,2,"Cesc Fabregas 48, William Gallas 90+1"
595,11-11-2007,Blackburn Rovers,H,Old Trafford,W,2,0,
596,24-11-2007,Bolton Wanderers,A,Reebok Stadium,L,0,1,Nicholas Anelka 11
597,03-12-2007,Fulham,H,Old Trafford,W,2,0,
598,08-12-2007,Derby County,H,Old Trafford,W,4,1,Steve Howard 76
599,16-12-2007,Liverpool,A,Anfield,W,1,0,
600,23-12-2007,Everton,H,Old Trafford,W,2,1,Tim Cahill 27
601,26-12-2007,Sunderland,A,"Stadium of Light, Sunderland",W,4,0,
602,29-12-2007,West Ham United,A,Boleyn Ground,L,1,2,"Anton Ferdinand 77, Matthew Upson 82"
603,01-01-2008,Birmingham City,H,Old Trafford,W,1,0,
604,12-01-2008,Newcastle United,H,Old Trafford,W,6,0,
605,19-01-2008,Reading,A,Madejski Stadium,W,2,0,
606,30-01-2008,Portsmouth,H,Old Trafford,W,2,0,
607,02-02-2008,Tottenham Hotspur,A,White Hart Lane,D,1,1,*Dimitar Berbatov 20
608,10-02-2008,Manchester City,H,Old Trafford,L,1,2,"Darius Vassell 24, Benjani Mwaruwari 45"
609,23-02-2008,Newcastle United,A,"St James Park, Newcastle",W,5,1,Amdy Faye 79
610,01-03-2008,Fulham,A,Craven Cottage,W,3,0,
611,15-03-2008,Derby County,A,Pride Park,W,1,0,
612,19-03-2008,Bolton Wanderers,H,Old Trafford,W,2,0,
613,23-03-2008,Liverpool,H,Old Trafford,W,3,0,
614,29-03-2008,Aston Villa,H,Old Trafford,W,4,0,
615,06-04-2008,Middlesbrough,A,Riverside Stadium,D,2,2,"Alfonso Alves 35, 56"
616,13-04-2008,Arsenal,H,Old Trafford,W,2,1,Emmanuel Adebayor 48
617,19-04-2008,Blackburn Rovers,A,Ewood Park,D,1,1,Roque Santa Cruz 21
618,26-04-2008,Chelsea,A,Stamford Bridge,L,1,2,"Michael Ballack 45, 86 (pen)"
619,03-05-2008,West Ham United,H,Old Trafford,W,4,1,Dean Ashton 28
620,11-05-2008,Wigan Athletic,A,JJB Stadium,W,2,0,
621,17-08-2008,Newcastle United,H,Old Trafford,D,1,1,Obafemi Martins 22
622,25-08-2008,Portsmouth,A,Fratton Park,W,1,0,
623,13-09-2008,Liverpool,A,Anfield,L,1,2,"Wesley Brown 26 (o.g.), Ryan Babel 77"
624,21-09-2008,Chelsea,A,Stamford Bridge,D,1,1,Salomon Kalou 80
625,27-09-2008,Bolton Wanderers,H,Old Trafford,W,2,0,
626,04-10-2008,Blackburn Rovers,A,Ewood Park,W,2,0,
627,18-10-2008,West Bromwich Albion,H,Old Trafford,W,4,0,
628,25-10-2008,Everton,A,Goodison Park,D,1,1,*Marouane Fellaini 63
629,29-10-2008,West Ham United,H,Old Trafford,W,2,0,
630,01-11-2008,Hull City,H,Old Trafford,W,4,3,"Daniel Cousin 23, Bernard Mendy 69, Deiberson Geovanni 82 (pen)"
631,08-11-2008,Arsenal,A,Emirates Stadium,L,1,2,"Samir Nasri 22, 48"
632,15-11-2008,Stoke City,H,Old Trafford,W,5,0,
633,22-11-2008,Aston Villa,A,Villa Park,D,0,0,
634,30-11-2008,Manchester City,A,Eastlands Stadium,W,1,0,
635,06-12-2008,Sunderland,H,Old Trafford,W,1,0,
636,13-12-2008,Tottenham Hotspur,A,White Hart Lane,D,0,0,
637,26-12-2008,Stoke City,A,"Britannia Stadium, Stoke",W,1,0,
638,29-12-2008,Middlesbrough,H,Old Trafford,W,1,0,
639,11-01-2009,Chelsea,H,Old Trafford,W,3,0,
640,14-01-2009,Wigan Athletic,H,Old Trafford,W,1,0,
641,17-01-2009,Bolton Wanderers,A,Reebok Stadium,W,1,0,
642,27-01-2009,West Bromwich Albion,A,The Hawthorns,W,5,0,
643,31-01-2009,Everton,H,Old Trafford,W,1,0,
644,08-02-2009,West Ham United,A,Boleyn Ground,W,1,0,
645,18-02-2009,Fulham,H,Old Trafford,W,3,0,
646,21-02-2009,Blackburn Rovers,H,Old Trafford,W,2,1,Roque Santa Cruz 32
647,04-03-2009,Newcastle United,A,"St James Park, Newcastle",W,2,1,Peter Lovenkrands 9
648,14-03-2009,Liverpool,H,Old Trafford,L,1,4,"Fernando Torres 28, Steven Gerrard 44 (pen), Fabio Aurelio 77, Andrea Dossena 90"
649,21-03-2009,Fulham,A,Craven Cottage,L,0,2,"Danny Murphy 18 (pen), Zoltan Gera 87"
650,05-04-2009,Aston Villa,H,Old Trafford,W,3,2,"John Carew 30, Gabriel Agbonlahor 58"
651,11-04-2009,Sunderland,A,"Stadium of Light, Sunderland",W,2,1,Kenwyne Jones 54
652,22-04-2009,Portsmouth,H,Old Trafford,W,2,0,
653,25-04-2009,Tottenham Hotspur,H,Old Trafford,W,5,2,"Darren Bent 29, Luka Modric 32"
654,02-05-2009,Middlesbrough,A,Riverside Stadium,W,2,0,
655,10-05-2009,Manchester City,H,Old Trafford,W,2,0,
656,13-05-2009,Wigan Athletic,A,JJB Stadium,W,2,1,Hugo Rodallega 28
657,16-05-2009,Arsenal,H,Old Trafford,D,0,0,
658,24-05-2009,Hull City,A,"KC Stadium, Hull",W,1,0,
659,16-08-2009,Birmingham City,H,Old Trafford,W,1,0,
660,19-08-2009,Burnley,A,Turf Moor,L,0,1,Robbie Blake 19
661,22-08-2009,Wigan Athletic,A,DW Stadium,W,5,0,
662,29-08-2009,Arsenal,H,Old Trafford,W,2,1,Andrei Arshavin 40
663,12-09-2009,Tottenham Hotspur,A,White Hart Lane,W,3,1,Jermain Defoe 1
664,20-09-2009,Manchester City,H,Old Trafford,W,4,3,"Gareth Barry 16, Craig Bellamy 52, 90"
665,26-09-2009,Stoke City,A,"Britannia Stadium, Stoke",W,2,0,
666,03-10-2009,Sunderland,H,Old Trafford,D,2,2,"Darren Bent 7, Kenwyne Jones 58"
667,17-10-2009,Bolton Wanderers,H,Old Trafford,W,2,1,Matthew Taylor 75
668,25-10-2009,Liverpool,A,Anfield,L,0,2,"Fernando Torres 65, David Ngog 90+5"
669,31-10-2009,Blackburn Rovers,H,Old Trafford,W,2,0,
670,08-11-2009,Chelsea,A,Stamford Bridge,L,0,1,John Terry 76
671,21-11-2009,Everton,H,Old Trafford,W,3,0,
672,28-11-2009,Portsmouth,A,Fratton Park,W,4,1,Kevin-Prince Boateng 32 (pen)
673,05-12-2009,West Ham United,A,Boleyn Ground,W,4,0,
674,12-12-2009,Aston Villa,H,Old Trafford,L,0,1,Gabriel Agbonlahor 21
675,15-12-2009,Wolverhampton Wanderers,H,Old Trafford,W,3,0,
676,19-12-2009,Fulham,A,Craven Cottage,L,0,3,"Danny Murphy 22, Bobby Zamora 46, Damien Duff 75"
677,27-12-2009,Hull City,A,"KC Stadium, Hull",W,3,1,Craig Fagan 60 (pen)
678,30-12-2009,Wigan Athletic,H,Old Trafford,W,5,0,
679,09-01-2010,Birmingham City,A,St Andrews,D,1,1,Cameron Jerome 39
680,16-01-2010,Burnley,H,Old Trafford,W,3,0,
681,23-01-2010,Hull City,H,Old Trafford,W,4,0,
682,31-01-2010,Arsenal,A,Emirates Stadium,W,3,1,Thomas Vermaelen 80
683,06-02-2010,Portsmouth,H,Old Trafford,W,5,0,
684,10-02-2010,Aston Villa,A,Villa Park,D,1,1,Carlos Cuellar 19
685,20-02-2010,Everton,A,Goodison Park,L,1,3,"Diniyar Bilyaledinov 19, Dan Gosling 76, Jack Rodwell 90"
686,23-02-2010,West Ham United,H,Old Trafford,W,3,0,
687,06-03-2010,Wolverhampton Wanderers,A,Molineux,W,1,0,
688,14-03-2010,Fulham,H,Old Trafford,W,3,0,
689,21-03-2010,Liverpool,H,Old Trafford,W,2,1,Fernando Torres 5
690,27-03-2010,Bolton Wanderers,A,Reebok Stadium,W,4,0,
691,03-04-2010,Chelsea,H,Old Trafford,L,1,2,"Joe Cole 19, Didier Drogba 78"
692,11-04-2010,Blackburn Rovers,A,Ewood Park,D,0,0,
693,17-04-2010,Manchester City,A,Eastlands Stadium,W,1,0,
694,24-04-2010,Tottenham Hotspur,H,Old Trafford,W,3,1,Ledley King 70
695,02-05-2010,Sunderland,A,"Stadium of Light, Sunderland",W,1,0,
696,09-05-2010,Stoke City,H,Old Trafford,W,4,0,
697,16-08-2010,Newcastle United,H,Old Trafford,W,3,0,
698,22-08-2010,Fulham,A,Craven Cottage,D,2,2,"Simon Davies 57, Brede Hangeland 89"
699,28-08-2010,West Ham United,H,Old Trafford,W,3,0,
700,11-09-2010,Everton,A,Goodison Park,D,3,3,"Steven Pienaar 39, Tim Cahill 90+1, Mikael Arteta 90+2"
701,19-09-2010,Liverpool,H,Old Trafford,W,3,2,"Steven Gerrard 64 (pen), 70"
702,26-09-2010,Bolton Wanderers,A,Reebok Stadium,D,2,2,"Zat Knight 6, Martin Petrov 67"
703,02-10-2010,Sunderland,A,"Stadium of Light, Sunderland",D,0,0,
704,16-10-2010,West Bromwich Albion,H,Old Trafford,D,2,2,"Patrice Evra 50 (o.g.), Somen Tchoyi 55"
705,24-10-2010,Stoke City,A,"Britannia Stadium, Stoke",W,2,1,Tuncay Sanli 81
706,30-10-2010,Tottenham Hotspur,H,Old Trafford,W,2,0,
707,06-11-2010,Wolverhampton Wanderers,H,Old Trafford,W,2,1,*Sylvan Ebanks-Blake 66
708,10-11-2010,Manchester City,A,Eastlands Stadium,D,0,0,
709,13-11-2010,Aston Villa,A,Villa Park,D,2,2,"*Ashley Young 72 (pen), Marc Albrighton 76"
710,20-11-2010,Wigan Athletic,H,Old Trafford,W,2,0,
711,27-11-2010,Blackburn Rovers,H,Old Trafford,W,7,1,Christopher Samba 83
712,13-12-2010,Arsenal,H,Old Trafford,W,1,0,
713,26-12-2010,Sunderland,H,Old Trafford,W,2,0,
714,28-12-2010,Birmingham City,A,St Andrews,D,1,1,Lee Bowyer 89
715,01-01-2011,West Bromwich Albion,A,The Hawthorns,W,2,1,James Morrison 14
716,04-01-2011,Stoke City,H,Old Trafford,W,2,1,Dean Whitehead 50
717,16-01-2011,Tottenham Hotspur,A,White Hart Lane,D,0,0,
718,22-01-2011,Birmingham City,H,Old Trafford,W,5,0,
719,25-01-2011,Blackpool,A,Bloomfield Road,W,3,2,"Craig Cathcart 15 , D.J. Campbell 43"
720,01-02-2011,Aston Villa,H,Old Trafford,W,3,1,Darren Bent 58
721,05-02-2011,Wolverhampton Wanderers,A,Molineux,L,1,2,"George Elokobi 10, Kevin Doyle 40"
722,12-02-2011,Manchester City,H,Old Trafford,W,2,1,David Silva 65
723,26-02-2011,Wigan Athletic,A,DW Stadium,W,4,0,
724,01-03-2011,Chelsea,A,Stamford Bridge,L,1,2,"David Luiz 54, Frank Lampard 80 (pen)"
725,06-03-2011,Liverpool,A,Anfield,L,1,3,"Dirk Kuyt 34, 39, 65"
726,19-03-2011,Bolton Wanderers,H,Old Trafford,W,1,0,
727,02-04-2011,West Ham United,A,Boleyn Ground,W,4,2,"Mark Noble 11 (pen) , 25 (pen)"
728,09-04-2011,Fulham,H,Old Trafford,W,2,0,
729,19-04-2011,Newcastle United,A,"St James Park, Newcastle",D,0,0,
730,23-04-2011,Everton,H,Old Trafford,W,1,0,
731,01-05-2011,Arsenal,A,Emirates Stadium,L,0,1,Aaron Ramsey 56
732,08-05-2011,Chelsea,H,Old Trafford,W,2,1,Frank Lampard 68
733,14-05-2011,Blackburn Rovers,A,Ewood Park,D,1,1,Brett Emerton 20
734,22-05-2011,Blackpool,H,Old Trafford,W,4,2,"Charlie Adam 40, Gary Taylor-Fletcher 57"
735,14-08-2011,West Bromwich Albion,A,The Hawthorns,W,2,1,Shane Long 37
736,22-08-2011,Tottenham Hotspur,H,Old Trafford,W,3,0,
737,28-08-2011,Arsenal,H,Old Trafford,W,8,2,"Theo Walcott 45+3, *Robin van Persie 74"
738,10-09-2011,Bolton Wanderers,A,Reebok Stadium,W,5,0,
739,18-09-2011,Chelsea,H,Old Trafford,W,3,1,Fernando Torres 46
740,24-09-2011,Stoke City,A,"Britannia Stadium, Stoke",D,1,1,Peter Crouch 52
741,01-10-2011,Norwich City,H,Old Trafford,W,2,0,
742,15-10-2011,Liverpool,A,Anfield,D,1,1,Steven Gerrard 68
743,23-10-2011,Manchester City,H,Old Trafford,L,1,6,"Mario Balotelli 22, 60, Sergio Aguero 69, Edin Dzeko 90, 90+3, David Silva 90+1"
744,29-10-2011,Everton,A,Goodison Park,W,1,0,
745,05-11-2011,Sunderland,H,Old Trafford,W,1,0,
746,19-11-2011,Swansea City,A,Liberty Stadium,W,1,0,
747,26-11-2011,Newcastle United,H,Old Trafford,D,1,1,Demba Ba 64 (pen)
748,03-12-2011,Aston Villa,A,Villa Park,W,1,0,
749,10-12-2011,Wolverhampton Wanderers,H,Old Trafford,W,4,1,Steven Fletcher 47
750,18-12-2011,Queens Park Rangers,A,Loftus Road,W,2,0,
751,21-12-2011,Fulham,A,Craven Cottage,W,5,0,
752,26-12-2011,Wigan Athletic,H,Old Trafford,W,5,0,
753,31-12-2011,Blackburn Rovers,H,Old Trafford,L,2,3,"Ayegbeni Yakubu 16 (pen), 51, Grant Hanley 80"
754,04-01-2012,Newcastle United,A,"St James Park, Newcastle",L,0,3,"Demba Ba 33, 	Yohan Cabaye 47, Phil Jones 90 (o.g.)"
755,14-01-2012,Bolton Wanderers,H,Old Trafford,W,3,0,
756,22-01-2012,Arsenal,A,Emirates Stadium,W,2,1,*Robin van Persie 71
757,31-01-2012,Stoke City,H,Old Trafford,W,2,0,
758,05-02-2012,Chelsea,A,Stamford Bridge,D,3,3,"Jonny Evans 36 (o.g.), *Juan Mata 46, David Luiz 50"
759,11-02-2012,Liverpool,H,Old Trafford,W,2,1,Luis Suarez 80
760,26-02-2012,Norwich City,A,Carrow Road,W,2,1,Grant Holt 83
761,04-03-2012,Tottenham Hotspur,A,White Hart Lane,W,3,1,Jermain Defoe 87
762,11-03-2012,West Bromwich Albion,H,Old Trafford,W,2,0,
763,18-03-2012,Wolverhampton Wanderers,A,Molineux,W,5,0,
764,26-03-2012,Fulham,H,Old Trafford,W,1,0,
765,02-04-2012,Blackburn Rovers,A,Ewood Park,W,2,0,
766,08-04-2012,Queens Park Rangers,H,Old Trafford,W,2,0,
767,11-04-2012,Wigan Athletic,A,DW Stadium,L,0,1,Shaun Maloney 50
768,15-04-2012,Aston Villa,H,Old Trafford,W,4,0,
769,22-04-2012,Everton,H,Old Trafford,D,4,4,"Nikica Jelavic 33, 83, *Marouane Fellaini 67, Steven Pienaar 85"
770,30-04-2012,Manchester City,A,Eastlands Stadium,L,0,1,Vincent Kompany 45
771,06-05-2012,Swansea City,H,Old Trafford,W,2,0,
772,13-05-2012,Sunderland,A,"Stadium of Light, Sunderland",W,1,0,
773,20-08-2012,Everton,A,Goodison Park,L,0,1,*Marouane Fellaini 57
774,25-08-2012,Fulham,H,Old Trafford,W,3,2,"Damien Duff 3, Nemanja Vidic 64 (o.g.)"
775,02-09-2012,Southampton,A,St Marys Stadium,W,3,2,"Rickie Lambert 16,  *Morgan Schneiderlin 55"
776,15-09-2012,Wigan Athletic,H,Old Trafford,W,4,0,
777,23-09-2012,Liverpool,A,Anfield,W,2,1,Steven Gerrard 46
778,29-09-2012,Tottenham Hotspur,H,Old Trafford,L,2,3,"Jonny Evans 2 (o.g.), Gareth Bale 32, Clint Dempsey 52"
779,07-10-2012,Newcastle United,A,"St James Park, Newcastle",W,3,0,
780,20-10-2012,Stoke City,H,Old Trafford,W,4,2,"Wayne Rooney 11 (o.g.), Michael Kightly 58"
781,28-10-2012,Chelsea,A,Stamford Bridge,W,3,2,"*Juan Mata 44, Ramires 53"
782,03-11-2012,Arsenal,H,Old Trafford,W,2,1,Santi Cazorla 90+5
783,10-11-2012,Aston Villa,A,Villa Park,W,3,2,"Andreas Weimann 45, 50"
784,17-11-2012,Norwich City,A,Carrow Road,L,0,1,Anthony Pilkington 60
785,24-11-2012,Queens Park Rangers,H,Old Trafford,W,3,1,Jamie Mackie 52
786,28-11-2012,West Ham United,H,Old Trafford,W,1,0,
787,01-12-2012,Reading,A,Madejski Stadium,W,4,3,"Hal Robson-Kanu 8,  Adam Le Fondre 19, Sean Morrison 23"
788,09-12-2012,Manchester City,A,Eastlands Stadium,W,3,2,"Yaya Toure 58, Pablo Zabaleta 86"
789,15-12-2012,Sunderland,H,Old Trafford,W,3,1,*Fraizer Campbell 72
790,23-12-2012,Swansea City,A,Liberty Stadium,D,1,1,Michu 28
791,26-12-2012,Newcastle United,H,Old Trafford,W,4,3,"James Perch 4, Jonny Evans 28 (o.g.) Papiss Cisse 68"
792,29-12-2012,West Bromwich Albion,H,Old Trafford,W,2,0,
793,01-01-2013,Wigan Athletic,A,DW Stadium,W,4,0,
794,13-01-2013,Liverpool,H,Old Trafford,W,2,1,Daniel Sturridge 57
795,20-01-2013,Tottenham Hotspur,A,White Hart Lane,D,1,1,Clint Dempsey 90+2
796,30-01-2013,Southampton,H,Old Trafford,W,2,1,Jay Rodriguez 3
797,02-02-2013,Fulham,A,Craven Cottage,W,1,0,
798,10-02-2013,Everton,H,Old Trafford,W,2,0,
799,23-02-2013,Queens Park Rangers,A,Loftus Road,W,2,0,
800,02-03-2013,Norwich City,H,Old Trafford,W,4,0,
801,16-03-2013,Reading,H,Old Trafford,W,1,0,
802,30-03-2013,Sunderland,A,"Stadium of Light, Sunderland",W,1,0,
803,08-04-2013,Manchester City,H,Old Trafford,L,1,2,"James Milner 51, Sergio  Aguero 78"
804,14-04-2013,Stoke City,A,"Britannia Stadium, Stoke",W,2,0,
805,17-04-2013,West Ham United,A,Boleyn Ground,D,2,2,"Ricardo Vaz Te 16, Mohamed Diame 55"
806,22-04-2013,Aston Villa,H,Old Trafford,W,3,0,
807,28-04-2013,Arsenal,A,Emirates Stadium,D,1,1,Theo Walcott 2
808,05-05-2013,Chelsea,H,Old Trafford,L,0,1,*Juan Mata 87
809,12-05-2013,Swansea City,H,Old Trafford,W,2,1,Michu 49
810,19-05-2013,West Bromwich Albion,A,The Hawthorns,D,5,5,"James Morrison 40, *Romelu Lukaku 50, 79, 86, Youssuf Mulumbu 81"
811,17-08-2013,Swansea City,A,Liberty Stadium,W,4,1,Wilfried Bony  82
812,26-08-2013,Chelsea,H,Old Trafford,D,0,0,
813,01-09-2013,Liverpool,A,Anfield,L,0,1,Daniel Sturridge 4
814,14-09-2013,Crystal Palace,H,Old Trafford,W,2,0,
815,22-09-2013,Manchester City,A,Eastlands Stadium,L,1,4,"Sergio Aguero 16, 47, Yaya Toure 45, Samir Nasri 50"
816,28-09-2013,West Bromwich Albion,H,Old Trafford,L,1,2,"Morgan Amalfitano 54, Saido Berahino 67"
817,05-10-2013,Sunderland,A,"Stadium of Light, Sunderland",W,2,1,Craig Gardener 5
818,19-10-2013,Southampton,H,Old Trafford,D,1,1,Adam Lallana 89
819,26-10-2013,Stoke City,H,Old Trafford,W,3,2,"Peter Crouch 4,  Marko Arnautovic 45"
820,02-11-2013,Fulham,A,Craven Cottage,W,3,1,Alex Kacaniklic 65
821,10-11-2013,Arsenal,H,Old Trafford,W,1,0,
822,24-11-2013,Cardiff City,A,Cardiff City Stadium,D,2,2,"*Fraizer Campbell 33, Kim Bo-Kyung 90+1"
823,01-12-2013,Tottenham Hotspur,A,White Hart Lane,D,2,2,"Kyle Walker 18, Sandro Raniere 54"
824,04-12-2013,Everton,H,Old Trafford,L,0,1,Bryan Oviedo 86
825,07-12-2013,Newcastle United,H,Old Trafford,L,0,1,Yohan Cabaye 61
826,15-12-2013,Aston Villa,A,Villa Park,W,3,0,
827,21-12-2013,West Ham United,H,Old Trafford,W,3,1,Carlton Cole 81
828,26-12-2013,Hull City,A,"KC Stadium, Hull",W,3,2,"*James Chester 4,  David Meyler 13"
829,28-12-2013,Norwich City,A,Carrow Road,W,1,0,
830,01-01-2014,Tottenham Hotspur,H,Old Trafford,L,1,2,"Emmanuel Adebayor 34, *Christian Eriksen 66"
831,11-01-2014,Swansea City,H,Old Trafford,W,2,0,
832,19-01-2014,Chelsea,A,Stamford Bridge,L,1,3,"Samuel Etoo 17, 45, 49"
833,28-01-2014,Cardiff City,H,Old Trafford,W,2,0,
834,01-02-2014,Stoke City,A,"Britannia Stadium, Stoke",L,1,2,"Charlie Adam 38, 52"
835,09-02-2014,Fulham,H,Old Trafford,D,2,2,"Steve Sidwell 19, Darren Bent 90+4"
836,12-02-2014,Arsenal,A,Emirates Stadium,D,0,0,
837,22-02-2014,Crystal Palace,A,Selhurst Park,W,2,0,
838,08-03-2014,West Bromwich Albion,A,The Hawthorns,W,3,0,
839,16-03-2014,Liverpool,H,Old Trafford,L,0,3,"Steven Gerrard 34 (pen), 46 (pen), Luis Suarez 84"
840,22-03-2014,West Ham United,A,Boleyn Ground,W,2,0,
841,25-03-2014,Manchester City,H,Old Trafford,L,0,3,"Edin Dzeko 1, 56 , Yaya Toure 90"
842,29-03-2014,Aston Villa,H,Old Trafford,W,4,1,Ashley Westwood 13
843,05-04-2014,Newcastle United,A,"St James Park, Newcastle",W,4,0,
844,20-04-2014,Everton,A,Goodison Park,L,0,2,"Leighton Baines 28 (pen), Kevin Mirallas 43"
845,26-04-2014,Norwich City,H,Old Trafford,W,4,0,
846,03-05-2014,Sunderland,H,Old Trafford,L,0,1,Sebastian Larsson 30
847,06-05-2014,Hull City,H,Old Trafford,W,3,1,Matty Fryatt 63
848,11-05-2014,Southampton,A,St Marys Stadium,D,1,1,Rickie Lambert 28
849,16-08-2014,Swansea City,H,Old Trafford,L,1,2,"Ki Sung-yueng 28, Gylfi Sigurdsson 72"
850,24-08-2014,Sunderland,A,"Stadium of Light, Sunderland",D,1,1,Jack Rodwell 30
851,30-08-2014,Burnley,A,Turf Moor,D,0,0,
852,14-09-2014,Queens Park Rangers,H,Old Trafford,W,4,0,
853,21-09-2014,Leicester City,A,King Power Stadium,L,3,5,"Leonardo Ulloa 17, 83 (pen), David Nugent 62 (pen), Esteban Cambiasso 64, Jamie Vardy 79"
854,27-09-2014,West Ham United,H,Old Trafford,W,2,1,Diafra Sakho 37
855,05-10-2014,Everton,H,Old Trafford,W,2,1,Steven Naismith 55
856,20-10-2014,West Bromwich Albion,A,The Hawthorns,D,2,2,"Stephane Sessegnon 8, Saido Berahino 66"
857,26-10-2014,Chelsea,H,Old Trafford,D,1,1,Didier Drogba 53
858,02-11-2014,Manchester City,A,Eastlands Stadium,L,0,1,Sergio Aguero 63
859,08-11-2014,Crystal Palace,H,Old Trafford,W,1,0,
860,22-11-2014,Arsenal,A,Emirates Stadium,W,2,1,Olivier Giroud 90+5
861,29-11-2014,Hull City,H,Old Trafford,W,3,0,
862,02-12-2014,Stoke City,H,Old Trafford,W,2,1,Steven NZonzi 39
863,08-12-2014,Southampton,A,St Marys Stadium,W,2,1,Graziano Pelle 31
864,14-12-2014,Liverpool,H,Old Trafford,W,3,0,
865,20-12-2014,Aston Villa,A,Villa Park,D,1,1,Christian Benteke 18
866,26-12-2014,Newcastle United,H,Old Trafford,W,3,1,Papiss Cisse 87 (pen)
867,28-12-2014,Tottenham Hotspur,A,White Hart Lane,D,0,0,
868,01-01-2015,Stoke City,A,"Britannia Stadium, Stoke",D,1,1,*Ryan Shawcross 2
869,11-01-2015,Southampton,H,Old Trafford,L,0,1,Dusan Tadic 69
870,17-01-2015,Queens Park Rangers,A,Loftus Road,W,2,0,
871,31-01-2015,Leicester City,H,Old Trafford,W,3,1,Marcin Wasilewski 80
872,08-02-2015,West Ham United,A,Boleyn Ground,D,1,1,Cheikhou Kouyate 49
873,11-02-2015,Burnley,H,Old Trafford,W,3,1,Danny Ings 12
874,21-02-2015,Swansea City,A,Liberty Stadium,L,1,2,"Ki Sung-yueng 30, Bafetimbi Gomis 73"
875,28-02-2015,Sunderland,H,Old Trafford,W,2,0,
876,04-03-2015,Newcastle United,A,"St James Park, Newcastle",W,1,0,
877,15-03-2015,Tottenham Hotspur,H,Old Trafford,W,3,0,
878,22-03-2015,Liverpool,A,Anfield,W,2,1,Daniel Sturridge 69
879,04-04-2015,Aston Villa,H,Old Trafford,W,3,1,Christian Benteke 80
880,12-04-2015,Manchester City,H,Old Trafford,W,4,2,"Sergio Aguero 8, 89"
881,18-04-2015,Chelsea,A,Stamford Bridge,L,0,1,Eden Hazard 38
882,26-04-2015,Everton,A,Goodison Park,L,0,3,"James McCarthy 5, John Stones 35, Kevin Mirallas 74"
883,02-05-2015,West Bromwich Albion,H,Old Trafford,L,0,1,Jonas Olsson 63
884,09-05-2015,Crystal Palace,A,Selhurst Park,W,2,1,Jason Puncheon 56
885,17-05-2015,Arsenal,H,Old Trafford,D,1,1,Tyler Blackett 82 (o.g.)
886,24-05-2015,Hull City,A,"KC Stadium, Hull",D,0,0,
887,08-08-2015,Tottenham Hotspur,H,Old Trafford,W,1,0,
888,14-08-2015,Aston Villa,A,Villa Park,W,1,0,
889,22-08-2015,Newcastle United,H,Old Trafford,D,0,0,
890,30-08-2015,Swansea City,A,Liberty Stadium,L,1,2,"Andre Ayew 60, Bafetimbi Gomis 65"
891,12-09-2015,Liverpool,H,Old Trafford,W,3,1,Christian Benteke 84
892,20-09-2015,Southampton,A,St Marys Stadium,W,3,2,"Graziano Pelle 13, 86"
893,26-09-2015,Sunderland,H,Old Trafford,W,3,0,
894,04-10-2015,Arsenal,A,Emirates Stadium,L,0,3,"*Alexis Sanchez  6, 19, Mesut Ozil 7"
895,17-10-2015,Everton,A,Goodison Park,W,3,0,
896,25-10-2015,Manchester City,H,Old Trafford,D,0,0,
897,31-10-2015,Crystal Palace,A,Selhurst Park,D,0,0,
898,07-11-2015,West Bromwich Albion,H,Old Trafford,W,2,0,
899,21-11-2015,Watford,A,Vicarage Road,W,2,1,Troy Deeney 87 (pen)
900,28-11-2015,Leicester City,A,King Power Stadium,D,1,1,Jamie Vardy 24
901,05-12-2015,West Ham United,H,Old Trafford,D,0,0,
902,12-12-2015,Bournemouth,A,Dean Court,L,1,2,"Junior Stanislas 2, *Joshua King 54"
903,19-12-2015,Norwich City,H,Old Trafford,L,1,2,"Cameron Jerome 38, Alex Tettey 54"
904,26-12-2015,Stoke City,A,"Britannia Stadium, Stoke",L,0,2,"Bojan Krkic 19, Marko Arnautovic 26"
905,28-12-2015,Chelsea,H,Old Trafford,D,0,0,
906,02-01-2016,Swansea City,H,Old Trafford,W,2,1,Gylfi Sigurdsson 70
907,12-01-2016,Newcastle United,A,"St James Park, Newcastle",D,3,3,"Georginio Wijnaldum 42, Aleksandar Mitrovic 67 (pen), Paul Dummett 90"
908,17-01-2016,Liverpool,A,Anfield,W,1,0,
909,23-01-2016,Southampton,H,Old Trafford,L,0,1,Charlie Austin 87
910,02-02-2016,Stoke City,H,Old Trafford,W,3,0,
911,07-02-2016,Chelsea,A,Stamford Bridge,D,1,1,Diego Costa 90+1
912,13-02-2016,Sunderland,A,"Stadium of Light, Sunderland",L,1,2,"Wahbi Khazri 3, David de Gea 82 (o.g.)"
913,28-02-2016,Arsenal,H,Old Trafford,W,3,2,"*Danny Welbeck 40, Mesut Ozil 69"
914,02-03-2016,Watford,H,Old Trafford,W,1,0,
915,06-03-2016,West Bromwich Albion,A,The Hawthorns,L,0,1,Salomon Rondon 66
916,20-03-2016,Manchester City,A,Eastlands Stadium,W,1,0,
917,03-04-2016,Everton,H,Old Trafford,W,1,0,
918,10-04-2016,Tottenham Hotspur,A,White Hart Lane,L,0,3,"Dele Alli 70, Toby Alderweireld 74,  Erik Lamela 76"
919,16-04-2016,Aston Villa,H,Old Trafford,W,1,0,
920,20-04-2016,Crystal Palace,H,Old Trafford,W,2,0,
921,01-05-2016,Leicester City,H,Old Trafford,D,1,1,Wes Morgan 17
922,07-05-2016,Norwich City,A,Carrow Road,W,1,0,
923,10-05-2016,West Ham United,A,Boleyn Ground,L,2,3,"Diafra Sakho 10, Michail Antonio 76, Winston Reid 80"
924,17-05-2016,Bournemouth,H,Old Trafford,W,3,1,Chris Smalling 90+3 (o.g.)
925,14-08-2016,Bournemouth,A,Vitality Stadium,W,3,1,Adam Smith 69
926,19-08-2016,Southampton,H,Old Trafford,W,2,0,
927,27-08-2016,Hull City,A,KCOM Stadium,W,1,0,
928,10-09-2016,Manchester City,H,Old Trafford,L,1,2,"Kevin De Bruyne 15, Kelechi Iheanacho 36"
929,18-09-2016,Watford,A,Vicarage Road,L,1,3,"Etienne Capoue 34, Juan Camilo Zuniga 83, Troy Deeney 90+5 (pen)"
930,24-09-2016,Leicester City,H,Old Trafford,W,4,1,Demarai Gray 59
931,02-10-2016,Stoke City,H,Old Trafford,D,1,1,Joe Allen 82
932,17-10-2016,Liverpool,A,Anfield,D,0,0,
933,23-10-2016,Chelsea,A,Stamford Bridge,L,0,4,"Pedro Rodriguez 1, Gary Cahill 21, Eden Hazard 62, NGolo Kante 70"
934,29-10-2016,Burnley,H,Old Trafford,D,0,0,
935,06-11-2016,Swansea City,A,Liberty Stadium,W,3,1,Mike van der Hoorn 69
936,19-11-2016,Arsenal,H,Old Trafford,D,1,1,Olivier Giroud 89
937,27-11-2016,West Ham United,H,Old Trafford,D,1,1,Diafra Sakho 2
938,04-12-2016,Everton,A,Goodison Park,D,1,1,Leighton Baines 89 (pen)
939,11-12-2016,Tottenham Hotspur,H,Old Trafford,W,1,0,
940,14-12-2016,Crystal Palace,A,Selhurst Park,W,2,1,James McArthur 66
941,17-12-2016,West Bromwich Albion,A,The Hawthorns,W,2,0,
942,26-12-2016,Sunderland,H,Old Trafford,W,3,1,Fabio Borini 90+1
943,31-12-2016,Middlesbrough,H,Old Trafford,W,2,1,Grant Leadbitter 67
944,02-01-2017,West Ham United,A,London Stadium,W,2,0,
945,15-01-2017,Liverpool,H,Old Trafford,D,1,1,James Milner 27 (pen)
946,21-01-2017,Stoke City,A,bet365 Stadium,D,1,1,Juan Mata 19 (o.g.)
947,01-02-2017,Hull City,H,Old Trafford,D,0,0,
948,05-02-2017,Leicester City,A,King Power Stadium,W,3,0,
949,11-02-2017,Watford,H,Old Trafford,W,2,0,
950,04-03-2017,Bournemouth,H,Old Trafford,D,1,1,*Joshua King 40 (pen)
951,19-03-2017,Middlesbrough,A,Riverside Stadium,W,3,1,Rudy Gestede 77
952,01-04-2017,West Bromwich Albion,H,Old Trafford,D,0,0,
953,04-04-2017,Everton,H,Old Trafford,D,1,1,Phil Jagielka 22
954,09-04-2017,Sunderland,A,"Stadium of Light, Sunderland",W,3,0,
955,16-04-2017,Chelsea,H,Old Trafford,W,2,0,
956,23-04-2017,Burnley,A,Turf Moor,W,2,0,
957,27-04-2017,Manchester City,A,Eastlands Stadium,D,0,0,
958,30-04-2017,Swansea City,H,Old Trafford,D,1,1,Gylfi Sigurdsson 79
959,07-05-2017,Arsenal,A,Emirates Stadium,L,0,2,"Granit Xhaka 54, *Danny Welbeck 57"
960,14-05-2017,Tottenham Hotspur,A,White Hart Lane,L,1,2,"Victor Wanyama 6, Harry Kane 48"
961,17-05-2017,Southampton,A,St Marys Stadium,D,0,0,
962,21-05-2017,Crystal Palace,H,Old Trafford,W,2,0,
963,13-08-2017,West Ham United,H,Old Trafford,W,4,0,
964,19-08-2017,Swansea City,A,Liberty Stadium,W,4,0,
965,26-08-2017,Leicester City,H,Old Trafford,W,2,0,
966,09-09-2017,Stoke City,A,bet365 Stadium,D,2,2,"Eric Choupo-Moting 43, 63"
967,17-09-2017,Everton,H,Old Trafford,W,4,0,
968,23-09-2017,Southampton,A,St Marys Stadium,W,1,0,
969,30-09-2017,Crystal Palace,H,Old Trafford,W,4,0,
970,14-10-2017,Liverpool,A,Anfield,D,0,0,
971,21-10-2017,Huddersfield Town,A,John Smiths Stadium,L,1,2,"Aaron Mooy 28, Laurent Depoitre 33"
972,28-10-2017,Tottenham Hotspur,H,Old Trafford,W,1,0,
973,05-11-2017,Chelsea,A,Stamford Bridge,L,0,1,Alvaro Morata 55
974,18-11-2017,Newcastle United,H,Old Trafford,W,4,1,Dwight Gayle 14
975,25-11-2017,Brighton,H,Old Trafford,W,1,0,
976,28-11-2017,Watford,A,Vicarage Road,W,4,2,"Troy Deeney 77 (pen), Abdoulaye Doucoure 84"
977,02-12-2017,Arsenal,A,Emirates Stadium,W,3,1,Alexandre Lacazette 49
978,10-12-2017,Manchester City,H,Old Trafford,L,1,2,"David Silva 43, Nicolas Otamendi 54"
979,13-12-2017,Bournemouth,H,Old Trafford,W,1,0,
980,17-12-2017,West Bromwich Albion,A,The Hawthorns,W,2,1,Gareth Barry 77
981,23-12-2017,Leicester City,A,King Power Stadium,D,2,2,"Jamie Vardy 27,  *Harry Maguire 90+4"
982,26-12-2017,Burnley,H,Old Trafford,D,2,2,"Ashley Barnes 3, Steven Defour 36"
983,30-12-2017,Southampton,H,Old Trafford,D,0,0,
984,01-01-2018,Everton,A,Goodison Park,W,2,0,
985,15-01-2018,Stoke City,H,Old Trafford,W,3,0,
986,20-01-2018,Burnley,A,Turf Moor,W,1,0,
987,31-01-2018,Tottenham Hotspur,A,Wembley,L,0,2,"*Christian Eriksen 1, Phil Jones 28 (o.g.)"
988,03-02-2018,Huddersfield Town,H,Old Trafford,W,2,0,
989,11-02-2018,Newcastle United,A,"St James Park, Newcastle",L,0,1,Matt Richie 65
990,25-02-2018,Chelsea,H,Old Trafford,W,2,1,Willian 32
991,05-03-2018,Crystal Palace,A,Selhurst Park,W,3,2,"Andros Townsend 11, Patrick van Aanholt 48"
992,10-03-2018,Liverpool,H,Old Trafford,W,2,1,Eric Bailly 66 (o.g.)
993,31-03-2018,Swansea City,H,Old Trafford,W,2,0,
994,07-04-2018,Manchester City,A,Eastlands Stadium,W,3,2,"Vincent Kompany 25, Ilkay Gundogan 30"
995,15-04-2018,West Bromwich Albion,H,Old Trafford,L,0,1,Jay Rodriguez 73
996,18-04-2018,Bournemouth,A,Vitality Stadium,W,2,0,
997,29-04-2018,Arsenal,H,Old Trafford,W,2,1,*Henrikh Mkhitaryan 51
998,04-05-2018,Brighton,A,Amex Stadium,L,0,1,Pascal Gross 57
999,10-05-2018,West Ham United,A,London Stadium,D,0,0,
1000,13-05-2018,Watford,H,Old Trafford,W,1,0,
1001,10-08-2018,Leicester City,H,Old Trafford,W,2,1,Jamie Vardy 90+2
1002,19-08-2018,Brighton,A,Amex Stadium,L,2,3,"Glenn Murray 25, Shane Duffy 27, Pascal Gross 44 (pen)"
1003,27-08-2018,Tottenham Hotspur,H,Old Trafford,L,0,3,"Harry Kane 50, Lucas Moura 52, 84"
1004,02-09-2018,Burnley,A,Turf Moor,W,2,0,
1005,15-09-2018,Watford,A,Vicarage Road,W,2,1,Andre Gray  65
1006,22-09-2018,Wolverhampton Wanderers,H,Old Trafford,D,1,1,Joao Moutinho 53
1007,29-09-2018,West Ham United,A,London Stadium,L,1,3,"Felipe Anderson 5, Victor Lindelof 43 (o.g.), Marko Arnautovic 74"
1008,06-10-2018,Newcastle United,H,Old Trafford,W,3,2,"Kenedy 7, Yoshinori Muto 10"
1009,20-10-2018,Chelsea,A,Stamford Bridge,D,2,2,"Antonio Rudiger 21, Ross Barkley 90+6"
1010,28-10-2018,Everton,H,Old Trafford,W,2,1,Gylfi Sigurdsson 77 (pen)
1011,03-11-2018,Bournemouth,A,Vitality Stadium,W,2,1,Callum Wilson 11
1012,11-11-2018,Manchester City,A,Eastlands Stadium,L,1,3,"David Silva 13, Sergio Aguero 48,  Ilkay Gundogan 86"
1013,24-11-2018,Crystal Palace,H,Old Trafford,D,0,0,
1014,01-12-2018,Southampton,A,St Marys Stadium,D,2,2,"Stuart Armstrong 12, Cedric Soares 20"
1015,05-12-2018,Arsenal,H,Old Trafford,D,2,2,"Shkodran Mustafi 26, Marcos Rojo 68  (o.g)"
1016,08-12-2018,Fulham,H,Old Trafford,W,4,1,Aboubakar Kamara 67 (pen)
1017,16-12-2018,Liverpool,A,Anfield,L,1,3,"Sadio Mane 24, Xherdan Shaqiri 73,  80"
1018,22-12-2018,Cardiff City,A,Cardiff City Stadium,W,5,1,Victor Camarasa 38 (pen)
1019,26-12-2018,Huddersfield Town,H,Old Trafford,W,3,1,Mathias Jorgensen 88
1020,30-12-2018,Bournemouth,H,Old Trafford,W,4,1,Nathan Ake 45+2
1021,02-01-2019,Newcastle United,A,"St James Park, Newcastle",W,2,0,
1022,13-01-2019,Tottenham Hotspur,A,Wembley,W,1,0,
1023,19-01-2019,Brighton,H,Old Trafford,W,2,1,Pascal Gross 72
1024,29-01-2019,Burnley,H,Old Trafford,D,2,2,"Ashley Barnes 51, Chris Wood 81"
1025,03-02-2019,Leicester City,A,King Power Stadium,W,1,0,
1026,09-02-2019,Fulham,A,Craven Cottage,W,3,0,
1027,24-02-2019,Liverpool,H,Old Trafford,D,0,0,
1028,27-02-2019,Crystal Palace,A,Selhurst Park,W,3,1,Joel Ward 65
1029,02-03-2019,Southampton,H,Old Trafford,W,3,2,"Yan Valery 26, James Ward-Prowse 75"
1030,10-03-2019,Arsenal,A,Emirates Stadium,L,0,2,"Granit Xhaka 12, Pierre-Emerick Aubameyang 69 (pen)"
1031,30-03-2019,Watford,H,Old Trafford,W,2,1,Abdoulaye Doucoure 90
1032,02-04-2019,Wolverhampton Wanderers,A,Molineux,L,1,2,"Diogo Jota 25, Chris Smalling 77 (o.g.)"
1033,13-04-2019,West Ham United,H,Old Trafford,W,2,1,Felipe Anderson 49
1034,21-04-2019,Everton,A,Goodison Park,L,0,4,"Richarlison 13, Gylfi Sigurdsson 28, Lucas Digne 56, Theo Walcott 64"
1035,24-04-2019,Manchester City,H,Old Trafford,L,0,2,"Bernardo Silva 54, Leroy Sane 66"
1036,28-04-2019,Chelsea,H,Old Trafford,D,1,1,Marcos Alonso 43
1037,05-05-2019,Huddersfield Town,A,John Smiths Stadium,D,1,1,Isaac Mbenza 60
1038,12-05-2019,Cardiff City,H,Old Trafford,L,0,2,"Nathaniel Mendez-Laing 23 (pen), 54"
1039,11-08-2019,Chelsea,H,Old Trafford,W,4,0,
1040,19-08-2019,Wolverhampton Wanderers,A,Molineux,D,1,1,Ruben Neves 55
1041,24-08-2019,Crystal Palace,H,Old Trafford,L,1,2,"Jordan Ayew 32, Patrick van Aanholt 90+3"
1042,31-08-2019,Southampton,A,St Marys Stadium,D,1,1,Jannik Vestergaard 58
1043,14-09-2019,Leicester City,H,Old Trafford,W,1,0,
1044,22-09-2019,West Ham United,A,London Stadium,L,0,2,"Andriy Yarmolenko 44, Aaron Cresswell 84"
1045,30-09-2019,Arsenal,H,Old Trafford,D,1,1,Pierre-Emerick Aubameyang 58
1046,06-10-2019,Newcastle United,A,"St James Park, Newcastle",L,0,1,Matty Longstaff 72
1047,20-10-2019,Liverpool,H,Old Trafford,D,1,1,Adam Lallana 85
1048,27-10-2019,Norwich City,A,Carrow Road,W,3,1,Onel Hernandez 88
1049,02-11-2019,Bournemouth,A,Vitality Stadium,L,0,1,*Joshua King 45
1050,10-11-2019,Brighton,H,Old Trafford,W,3,1,Lewis Dunk 64
1051,24-11-2019,Sheffield United,A,Bramall Lane,D,3,3,"John Fleck 19, Lys Mousset 52, Oliver McBurnie 90"
1052,01-12-2019,Aston Villa,H,Old Trafford,D,2,2,"Jack Grealish 11, Tyrone Mings 66"
1053,04-12-2019,Tottenham Hotspur,H,Old Trafford,W,2,1,Dele Alli 39
1054,07-12-2019,Manchester City,A,Eastlands Stadium,W,2,1,Nicolas Otamendi 85
1055,15-12-2019,Everton,H,Old Trafford,D,1,1,Victor Lindelof 36 (o.g.)
1056,22-12-2019,Watford,A,Vicarage Road,L,0,2,"Ismaila Sarr 50, Troy Deeney 54 (pen)"
1057,26-12-2019,Newcastle United,H,Old Trafford,W,4,1,Matty Longstaff 17
1058,28-12-2019,Burnley,A,Turf Moor,W,2,0,
1059,01-01-2020,Arsenal,A,Emirates Stadium,L,0,2,"Nicolas Pepe 8, Sokratis Papastathopoulos 42"
1060,11-01-2020,Norwich City,H,Old Trafford,W,4,0,
1061,19-01-2020,Liverpool,A,Anfield,L,0,2,"Virgil van Dijk 14, Mohamed Salah 90+3"
1062,22-01-2020,Burnley,H,Old Trafford,L,0,2,"Chris Wood 39, Jay Rodriguez 56"
1063,01-02-2020,Wolverhampton Wanderers,H,Old Trafford,D,0,0,
1064,17-02-2020,Chelsea,A,Stamford Bridge,W,2,0,
1065,23-02-2020,Watford,H,Old Trafford,W,3,0,
1066,01-03-2020,Everton,A,Goodison Park,D,1,1,Dominic Calvert-Lewin 3
1067,08-03-2020,Manchester City,H,Old Trafford,W,2,0,
1068,19-06-2020,Tottenham Hotspur,A,Tottenham Hotspur Stadium,D,1,1,Steven Bergwijn 27
1069,24-06-2020,Sheffield United,H,Old Trafford,W,3,0,
1070,30-06-2020,Brighton,A,Amex Stadium,W,3,0,
1071,04-07-2020,Bournemouth,H,Old Trafford,W,5,2,"Junior Stanislas 15, *Joshua King 49 (pen)"
1072,09-07-2020,Aston Villa,A,Villa Park,W,3,0,
1073,13-07-2020,Southampton,H,Old Trafford,D,2,2,"Stuart Armstrong 12, Michael Obafemi 90+6"
1074,16-07-2020,Crystal Palace,A,Selhurst Park,W,2,0,
1075,22-07-2020,West Ham United,H,Old Trafford,D,1,1,Michail Antonio 45+2 (pen)
1076,26-07-2020,Leicester City,A,King Power Stadium,W,2,0,
1077,19-09-2020,Crystal Palace,H,Old Trafford,L,1,3,"Andros Townsend 7, *Wilfried Zaha 74 (pen), 85"
1078,26-09-2020,Brighton,A,Amex Stadium,W,3,2,"Neal Maupay 40 (pen), Solly March 90+5"
1079,04-10-2020,Tottenham Hotspur,H,Old Trafford,L,1,6,"Tanguy Ndombele 4, Son Heung-min 7, 37, Harry Kane 30, 79 (pen), Serge Aurier 51"
1080,17-10-2020,Newcastle United,A,"St James Park, Newcastle",W,4,1,Luke Shaw 2 (o.g.)
1081,24-10-2020,Chelsea,H,Old Trafford,D,0,0,
1082,01-11-2020,Arsenal,H,Old Trafford,L,0,1,Pierre-Emerick Aubameyang 69 (pen)
1083,07-11-2020,Everton,A,Goodison Park,W,3,1,Bernard 19
1084,21-11-2020,West Bromwich Albion,H,Old Trafford,W,1,0,
1085,29-11-2020,Southampton,A,St Marys Stadium,W,3,2,"Jan Bednarek 23, James Ward-Prowse 33"
1086,05-12-2020,West Ham United,A,London Stadium,W,3,1,Tomas Soucek 38
1087,12-12-2020,Manchester City,H,Old Trafford,D,0,0,
1088,17-12-2020,Sheffield United,A,Bramall Lane,W,3,2,"David McGoldrick 5, 87"
1089,20-12-2020,Leeds United,H,Old Trafford,W,6,2,"Liam Cooper 42, Stuart Dallas 73"
1090,26-12-2020,Leicester City,A,King Power Stadium,D,2,2,"Harvey Barnes 31, Axel Tuanzebe 85 (o.g.)"
1091,29-12-2020,Wolverhampton Wanderers,H,Old Trafford,W,1,0,
1092,01-01-2021,Aston Villa,H,Old Trafford,W,2,1,Bertrand Traore 58
1093,12-01-2021,Burnley,A,Turf Moor,W,1,0,
1094,17-01-2021,Liverpool,A,Anfield,D,0,0,
1095,20-01-2021,Fulham,A,Craven Cottage,W,2,1,Ademola Lookman 5
1096,27-01-2021,Sheffield United,H,Old Trafford,L,1,2,"Kean Bryan 23, Oliver Burke 74"
1097,30-01-2021,Arsenal,A,Emirates Stadium,D,0,0,
1098,02-02-2021,Southampton,H,Old Trafford,W,9,0,
1099,06-02-2021,Everton,H,Old Trafford,D,3,3,"Abdoulaye Doucoure 48, James Rodriguez 52, Dominic Calvert-Lewin 90+5"
1100,14-02-2021,West Bromwich Albion,A,The Hawthorns,D,1,1,Mbaye Diagne 2
1101,21-02-2021,Newcastle United,H,Old Trafford,W,3,1,Allan Saint-Maximin 36
1102,28-02-2021,Chelsea,A,Stamford Bridge,D,0,0,
1103,03-03-2021,Crystal Palace,A,Selhurst Park,D,0,0,
1104,07-03-2021,Manchester City,A,Eastlands Stadium,W,2,0,
1105,14-03-2021,West Ham United,H,Old Trafford,W,1,0,
1106,04-04-2021,Brighton,H,Old Trafford,W,2,1,*Danny Welbeck 13
1107,11-04-2021,Tottenham Hotspur,A,Tottenham Hotspur Stadium,W,3,1,Son Heung-min 40
1108,18-04-2021,Burnley,H,Old Trafford,W,3,1,James Tarkowski 50
1109,25-04-2021,Leeds United,A,Elland Road,D,0,0,
1110,09-05-2021,Aston Villa,A,Villa Park,W,3,1,Bertrand Traore 24
1111,11-05-2021,Leicester City,H,Old Trafford,L,1,2,"Luke Thomas 10, Caglar Soyuncu 65"
1112,13-05-2021,Liverpool,H,Old Trafford,L,2,4,"Diogo Jota 34, Roberto Firmino 45+3, 47, Mohamed Salah 90"
1113,18-05-2021,Fulham,H,Old Trafford,D,1,1,Joe Bryan 76
1114,23-05-2021,Wolverhampton Wanderers,A,Molineux,W,2,1,Nelson Semedo 39
1115,14-08-2021,Leeds United,H,Old Trafford,W,5,1,Luke Ayling 49
1116,22-08-2021,Southampton,A,St Marys Stadium,D,1,1,Fred 30 (o.g.)
1117,29-08-2021,Wolverhampton Wanderers,A,Molineux,W,1,0,
1118,11-09-2021,Newcastle United,H,Old Trafford,W,4,1,Javier Manquillo 56
1119,19-09-2021,West Ham United,A,London Stadium,W,2,1,Said Benrahma 30
1120,25-09-2021,Aston Villa,H,Old Trafford,L,0,1,Kortney Hause 88
1121,02-10-2021,Everton,H,Old Trafford,D,1,1,Andros Townsend 65
1122,16-10-2021,Leicester City,A,King Power Stadium,L,2,4,"Youri Tielemans 31, Caglar Soyuncu 78, Jamie Vardy 83, Patson Daka 90+1"
1123,24-10-2021,Liverpool,H,Old Trafford,L,0,5,"Naby Keita 5 , Diogo Jota 13, Mohamed Salah 38, 45+5, 50"
1124,30-10-2021,Tottenham Hotspur,A,Tottenham Hotspur Stadium,W,3,0,
1125,06-11-2021,Manchester City,H,Old Trafford,L,0,2,"Eric Bailly 7 (o.g.), Bernardo Silva 45"
1126,20-11-2021,Watford,A,Vicarage Road,L,1,4,"*Joshua King 28, Ismaila Sarr 44, Joao Pedro 90+2, Emmanuel Dennis 90+6"
1127,28-11-2021,Chelsea,A,Stamford Bridge,D,1,1,Jorginho 69 (pen)
1128,02-12-2021,Arsenal,H,Old Trafford,W,3,2,"Emile Smith-Rowe 13, Martin Odegaard 54"
1129,05-12-2021,Crystal Palace,H,Old Trafford,W,1,0,
1130,11-12-2021,Norwich City,A,Carrow Road,W,1,0,
1131,27-12-2021,Newcastle United,A,"St James Park, Newcastle",D,1,1,Allan Saint-Maximin 7
1132,30-12-2021,Burnley,H,Old Trafford,W,3,1,Aaron Lennon 38
1133,03-01-2022,Wolverhampton Wanderers,H,Old Trafford,L,0,1,Joao Moutinho 82
1134,15-01-2022,Aston Villa,A,Villa Park,D,2,2,"Jacob Ramsey 77, Philippe Coutinho 81"
1135,19-01-2022,Brentford,A,Brentford Community Stadium,W,3,1,Ivan Toney 85
1136,22-01-2022,West Ham United,H,Old Trafford,W,1,0,
1137,08-02-2022,Burnley,A,Turf Moor,D,1,1,Jay Rodriguez 47
1138,12-02-2022,Southampton,H,Old Trafford,D,1,1,Che Adams 48
1139,15-02-2022,Brighton,H,Old Trafford,W,2,0,
1140,20-02-2022,Leeds United,A,Elland Road,W,4,2,"Rodrigo Moreno 53, Raphinha 54"
1141,26-02-2022,Watford,H,Old Trafford,D,0,0,
1142,06-03-2022,Manchester City,A,Eastlands Stadium,L,1,4,"Kevin De Bruyne 5, 28, Riyad Mahrez 68, 90"
1143,12-03-2022,Tottenham Hotspur,H,Old Trafford,W,3,2,"Harry Kane 35 (pen), Harry Maguire 72 (o.g.)"
1144,02-04-2022,Leicester City,H,Old Trafford,D,1,1,Kelechi Iheanacho 63
1145,09-04-2022,Everton,A,Goodison Park,L,0,1,Anthony Gordon 27
1146,16-04-2022,Norwich City,H,Old Trafford,W,3,2,"Kieran Dowell 45+1, Teemu Pukki 52"
1147,19-04-2022,Liverpool,A,Anfield,L,0,4,"Luis Diaz 5, Mohamed Salah 22, 85  Sadio Mane 68"
1148,23-04-2022,Arsenal,A,Emirates Stadium,L,1,3,"Nuno Tavares 3, Bukayo Saka 32 (pen), Granit Xhaka 70"
1149,28-04-2022,Chelsea,H,Old Trafford,D,1,1,Marcos Alonso 60
1150,02-05-2022,Brentford,H,Old Trafford,W,3,0,
1151,07-05-2022,Brighton,A,Amex Stadium,L,0,4,"Moises Caicedo 15, Marc Cucurella 49, Pascal Gross 57, Leandro Trossard 60"
1152,22-05-2022,Crystal Palace,A,Selhurst Park,L,0,1,*Wilfried Zaha 37
1153,07-08-2022,Brighton,H,Old Trafford,L,1,2,"Pascal Gross 30, 39"
1154,13-08-2022,Brentford,A,Gtech Community Stadium,L,0,4,"Josh Dasilva 10, Mathias Jensen 18, Ben Mee 30, Bryan Mbeumo 35"
1155,22-08-2022,Liverpool,H,Old Trafford,W,2,1,Mohamed Salah 81
1156,27-08-2022,Southampton,A,St Marys Stadium,W,1,0,
1157,01-09-2022,Leicester City,A,King Power Stadium,W,1,0,
1158,04-09-2022,Arsenal,H,Old Trafford,W,3,1,Bukayo Saka 60
1159,02-10-2022,Manchester City,A,Eastlands Stadium,L,3,6,"Phil Foden 8, 44, 73, Erling Braut Haaland 34, 37, 64"
1160,09-10-2022,Everton,A,Goodison Park,W,2,1,Alex Iwobi 5
1161,16-10-2022,Newcastle United,H,Old Trafford,D,0,0,
1162,19-10-2022,Tottenham Hotspur,H,Old Trafford,W,2,0,
1163,22-10-2022,Chelsea,A,Stamford Bridge,D,1,1,Jorginho 87 (pen)
1164,30-10-2022,West Ham United,H,Old Trafford,W,1,0,
1165,06-11-2022,Aston Villa,A,Villa Park,L,1,3,"Leon Bailey 7, Lucas Digne 11, Jacob Ramsey 49"
1166,13-11-2022,Fulham,A,Craven Cottage,W,2,1,*Daniel James 61
1167,27-12-2022,Nottingham Forest,H,Old Trafford,W,3,0,
1168,31-12-2022,Wolverhampton Wanderers,A,Molineux,W,1,0,
1169,03-01-2023,Bournemouth,H,Old Trafford,W,3,0,
1170,14-01-2023,Manchester City,H,Old Trafford,W,2,1,Jack Grealish 60
1171,18-01-2023,Crystal Palace,A,Selhurst Park,D,1,1,Michael Olise 90+1
1172,22-01-2023,Arsenal,A,Emirates Stadium,L,2,3,"Eddie Nketiah 24, 90, Bukayo Saka 53"
1173,04-02-2023,Crystal Palace,H,Old Trafford,W,2,1,Jeffrey Schlupp 76
1174,08-02-2023,Leeds United,H,Old Trafford,D,2,2,"Wilfried Gnonto 1, Raphael Varane 48 (o.g.)"
1175,12-02-2023,Leeds United,A,Elland Road,W,2,0,
1176,19-02-2023,Leicester City,H,Old Trafford,W,3,0,
1177,05-03-2023,Liverpool,A,Anfield,L,0,7,"Cody Gakpo 43, 51, Darwin Nunez 47, 75, Mohamed Salah 66, 83, Roberto Firmino 88"
1178,12-03-2023,Southampton,H,Old Trafford,D,0,0,
1179,02-04-2023,Newcastle United,A,"St James Park, Newcastle",L,0,2,"Joe Willock 65, Callum Wilson 88"
1180,05-04-2023,Brentford,H,Old Trafford,W,1,0,
1181,08-04-2023,Everton,H,Old Trafford,W,2,0,
1182,16-04-2023,Nottingham Forest,A,"City Ground, Nottingham",W,2,0,
1183,27-04-2023,Tottenham Hotspur,A,Tottenham Hotspur Stadium,D,2,2,"Pedro Porro 56, Son Heung-min 79"
1184,30-04-2023,Aston Villa,H,Old Trafford,W,1,0,
1185,04-05-2023,Brighton,A,Amex Stadium,L,0,1,Alexis Mac Allister 90+9 (pen)
1186,07-05-2023,West Ham United,A,London Stadium,L,0,1,Said Benrahma 27
1187,13-05-2023,Wolverhampton Wanderers,H,Old Trafford,W,2,0,
1188,20-05-2023,Bournemouth,A,Vitality Stadium,W,1,0,
1189,25-05-2023,Chelsea,H,Old Trafford,W,4,1,Joao Felix 89
1190,28-05-2023,Fulham,H,Old Trafford,W,2,1,Kenny Tete 19
1191,14-08-2023,Wolverhampton Wanderers,H,Old Trafford,W,1,0,
1192,19-08-2023,Tottenham Hotspur,A,Tottenham Hotspur Stadium,L,0,2,"Pape Matar Sarr 49, Lisandro Martinez 83 (o.g.)"
1193,26-08-2023,Nottingham Forest,H,Old Trafford,W,3,2,"Taiwo Awoniyi 2, Willy Boly 4"
1194,03-09-2023,Arsenal,A,Emirates Stadium,L,1,3,"Martin Odegaard 28, Declan Rice 90+6, Gabriel Jesus 90+11"
1195,16-09-2023,Brighton,H,Old Trafford,L,1,3,"*Danny Welbeck 20, Pascal Gross 53, Joao Pedro 71"
1196,23-09-2023,Burnley,A,Turf Moor,W,1,0,
1197,30-09-2023,Crystal Palace,H,Old Trafford,L,0,1,Joachim Andersen 25
1198,07-10-2023,Brentford,H,Old Trafford,W,2,1,Mathias Jensen 26
1199,21-10-2023,Sheffield United,A,Bramall Lane,W,2,1,Oliver McBurnie 34 (pen)
1200,29-10-2023,Manchester City,H,Old Trafford,L,0,3,"Erling Braut Haaland 26 (pen), 49, Phil Foden 80"
1201,04-11-2023,Fulham,A,Craven Cottage,W,1,0,
1202,11-11-2023,Luton Town,H,Old Trafford,W,1,0,
1203,26-11-2023,Everton,A,Goodison Park,W,3,0,
1204,02-12-2023,Newcastle United,A,"St James Park, Newcastle",L,0,1,Anthony Gordon 55
1205,06-12-2023,Chelsea,H,Old Trafford,W,2,1,Cole Palmer 45
1206,09-12-2023,Bournemouth,H,Old Trafford,L,0,3,"Dominic Solanke 5, Philip Billing 68, Marcos Senesi 73"
1207,17-12-2023,Liverpool,A,Anfield,D,0,0,
1208,23-12-2023,West Ham United,A,London Stadium,L,0,2,"Jarrod Bowen 72, Mohammed Kudus 78"
1209,26-12-2023,Aston Villa,H,Old Trafford,W,3,2,"John McGinn 21, Leander Dendoncker 26"
1210,30-12-2023,Nottingham Forest,A,"City Ground, Nottingham",L,1,2,"Nicolas Dominguez 64, Morgan Gibbs-White 82"
1211,14-01-2024,Tottenham Hotspur,H,Old Trafford,D,2,2,"Richarlison 19, Rodrigo Bentancur 46"
1212,01-02-2024,Wolverhampton Wanderers,A,Molineux,W,4,3,"Pablo Sarabia 71 (pen), Maximilian Kilman 85, Pedro Neto 90+5"
1213,04-02-2024,West Ham United,H,Old Trafford,W,3,0,
1214,11-02-2024,Aston Villa,A,Villa Park,W,2,1,Douglas Luiz 67
1215,18-02-2024,Luton Town,A,Kenilworth Road,W,2,1,Carlton Morris 14
1216,24-02-2024,Fulham,H,Old Trafford,L,1,2,"Calvin Bassey 65, Alex Iwobi 90+7"
1217,03-03-2024,Manchester City,A,Eastlands Stadium,L,1,3,"Phil Foden 56, 80, Erling Braut Haaland 90+1"
1218,09-03-2024,Everton,H,Old Trafford,W,2,0,
1219,30-03-2024,Brentford,A,Gtech Community Stadium,D,1,1,Kristoffer Ajer 90+9
1220,04-04-2024,Chelsea,A,Stamford Bridge,L,3,4,"Conor Gallagher 4, Cole Palmer 19 (pen), 90+10 (pen), 90+11"
1221,07-04-2024,Liverpool,H,Old Trafford,D,2,2,"Luis Daz 23, Mohamed Salah 84 (pen)"
1222,13-04-2024,Bournemouth,A,Vitality Stadium,D,2,2,"Dominic Solanke 16, Justin Kluivert 36"
1223,24-04-2024,Sheffield United,H,Old Trafford,W,4,2,"Jayden Bogle 35, Ben Brereton Diaz 50"
1224,27-04-2024,Burnley,H,Old Trafford,D,1,1,Zeki Amdouni 87 (pen)
1225,06-05-2024,Crystal Palace,A,Selhurst Park,L,0,4,"Michael Olise 12, 66, Jean-Philippe Mateta 40, Tyrick Mitchell 58"
1226,12-05-2024,Arsenal,H,Old Trafford,L,0,1,Leandro Trossard 20
1227,15-05-2024,Newcastle United,H,Old Trafford,W,3,2,"Anthony Gordon 49, Lewis Hall 90+2"
1228,19-05-2024,Brighton,A,Amex Stadium,W,2,0,
1229,16-08-2024,Fulham,H,Old Trafford,W,1,0,
1230,24-08-2024,Brighton,A,Amex Stadium,L,1,2,"*Danny Welbeck 32, Joao Pedro 90+5"
1231,01-09-2024,Liverpool,H,Old Trafford,L,0,3,"Luis Daz 35, 42, Mohamed Salah 56"
1232,14-09-2024,Southampton,A,St Marys Stadium,W,3,0,
1233,21-09-2024,Crystal Palace,A,Selhurst Park,D,0,0,
1234,29-09-2024,Tottenham Hotspur,H,Old Trafford,L,0,3,"Brennan Johnson 3, Dejan Kulusevski 47, Dominic Solanke 77"
1235,06-10-2024,Aston Villa,A,Villa Park,D,0,0,
1236,19-10-2024,Brentford,H,Old Trafford,W,2,1,Ethan Pinnock 45+5
1237,27-10-2024,West Ham United,A,London Stadium,L,1,2,"Crysencio Summerville 74, Jarrod Bowen 90+2 (pen)"
1238,03-11-2024,Chelsea,H,Old Trafford,D,1,1,Moises Caicedo 74
1239,10-11-2024,Leicester City,H,Old Trafford,W,3,0,
1240,24-11-2024,Ipswich Town,A,Portman Road,D,1,1,Omari Hutchinson 43
1241,01-12-2024,Everton,H,Old Trafford,W,4,0,
1242,04-12-2024,Arsenal,A,Emirates Stadium,L,0,2,"Jurrien Timber 54, William Saliba 73"
1243,07-12-2024,Nottingham Forest,H,Old Trafford,L,2,3,"Nikola Milenkovic 2, Morgan Gibbs-White 47, Chris Wood 54"
1244,15-12-2024,Manchester City,A,Eastlands Stadium,W,2,1,Josko Gvardiol 37
1245,22-12-2024,Bournemouth,H,Old Trafford,L,0,3,"Dean Huijsen 29, Justin Kluivert 61 (pen), Antoine Semenyo 63"
1246,26-12-2024,Wolverhampton Wanderers,A,Molineux,L,0,2,"Matheus Cunha 58, Hwang Hee-Chan 90+9"
1247,30-12-2024,Newcastle United,H,Old Trafford,L,0,2,"Alexander Isak 4, Joelinton 19"
1248,05-01-2025,Liverpool,A,Anfield,D,2,2,"Cody Gakpo 59, Mohamed Salah 70 (pen)"
1249,16-01-2025,Southampton,H,Old Trafford,W,3,1,Manuel Ugarte 43 (o.g.)
1250,19-01-2025,Brighton,H,Old Trafford,L,1,3,"Yankuba Minteh 5, Kaoru Mitoma 60, Georginio Rutter 76"
1251,26-01-2025,Fulham,A,Craven Cottage,W,1,0,
1252,02-02-2025,Crystal Palace,H,Old Trafford,L,0,2,"Jean-Philippe Mateta 64, 89"
1253,16-02-2025,Tottenham Hotspur,A,Tottenham Hotspur Stadium,L,0,1,James Maddison 13
1254,22-02-2025,Everton,A,Goodison Park,D,2,2,"Beto 19, Abdoulaye Doucoure 33"
1255,26-02-2025,Ipswich Town,H,Old Trafford,W,3,2,"Jaden Philogene 4, 45+2"
1256,09-03-2025,Arsenal,H,Old Trafford,D,1,1,Declan Rice 74
1257,16-03-2025,Leicester City,A,King Power Stadium,W,3,0,
1258,01-04-2025,Nottingham Forest,A,"City Ground, Nottingham",L,0,1,*Anthony Elanga 5
1259,06-04-2025,Manchester City,H,Old Trafford,D,0,0,
1260,13-04-2025,Newcastle United,A,"St James Park, Newcastle",L,1,4,"Sandro Tonali 24, Harvey Barnes 49, 64, Bruno Guimaraes 77"
1261,20-04-2025,Wolverhampton Wanderers,H,Old Trafford,L,0,1,Pablo Sarabia 77
1262,27-04-2025,Bournemouth,A,Vitality Stadium,D,1,1,Antoine Semenyo 23
